sample_id,event_id,date,latitude,longitude,elevation_m,slope_deg,rain_prev_24h_mm,rain_prev_72h_mm,rain_prev_7d_mm,label,sample_type,exclusion_distance_m,random_seed,terrain_source,terrain_resolution_m,rainfall_source,rainfall_native_resolution_m,crs
BG_0,,2024-05-28,23.585251974918286,92.99281391041264,957.8583,22.727901,115.84728240966797,187.52660369873047,213.24666786193848,0,background_no_recorded_event,500,42,Copernicus DEM GLO-30,30,CHIRPS Daily,5566,EPSG:4326
BG_1,,2024-05-28,23.964430856345135,92.75485019164937,363.7861,20.595139,125.06549835205078,268.83361053466797,268.83361053466797,0,background_no_recorded_event,500,42,Copernicus DEM GLO-30,30,CHIRPS Daily,5566,EPSG:4326
BG_2,,2024-05-28,23.921042228122165,92.58506860295078,855.103,33.677433,159.35244750976562,273.2596130371094,273.2596130371094,0,background_no_recorded_event,500,42,Copernicus DEM GLO-30,30,CHIRPS Daily,5566,EPSG:4326
BG_3,,2024-05-28,23.5402463791839,92.947538820093,1408.2559,17.397863,130.1573486328125,191.429931640625,234.52980041503906,0,background_no_recorded_event,500,42,Copernicus DEM GLO-30,30,CHIRPS Daily,5566,EPSG:4326
BG_4,,2024-05-28,23.824293672022492,92.52685777253983,91.00288,6.3940716,175.89549255371094,295.497013092041,295.497013092041,0,background_no_recorded_event,500,42,Copernicus DEM GLO-30,30,CHIRPS Daily,5566,EPSG:4326
BG_5,,2024-05-28,24.055520026154856,92.72224134683583,115.83969,12.780319,146.2703399658203,288.20024490356445,288.20024490356445,0,background_no_recorded_event,500,42,Copernicus DEM GLO-30,30,CHIRPS Daily,5566,EPSG:4326
BG_6,,2024-05-28,23.651547642886307,92.7799131880763,303.1686,33.734924,158.02207946777344,261.5828323364258,281.0533618927002,0,background_no_recorded_event,500,42,Copernicus DEM GLO-30,30,CHIRPS Daily,5566,EPSG:4326
BG_7,,2024-05-28,23.556955043468523,92.91492997527946,892.63837,43.053272,130.8920135498047,206.7709083557129,235.54150390625,0,background_no_recorded_event,500,42,Copernicus DEM GLO-30,30,CHIRPS Daily,5566,EPSG:4326
BG_8,,2024-05-28,24.007549989982873,92.7227803360063,686.5798,17.818962,143.74636840820312,283.4876823425293,283.4876823425293,0,background_no_recorded_event,500,42,Copernicus DEM GLO-30,30,CHIRPS Daily,5566,EPSG:4326
BG_9,,2024-05-28,23.97655811268075,92.75646715916078,419.53018,18.420029,125.06549835205078,268.83361053466797,268.83361053466797,0,background_no_recorded_event,500,42,Copernicus DEM GLO-30,30,CHIRPS Daily,5566,EPSG:4326
BG_10,,2024-05-28,23.704638076177773,92.95158123887154,814.6591,31.381811,124.025390625,199.08475494384766,225.50044631958008,0,background_no_recorded_event,500,42,Copernicus DEM GLO-30,30,CHIRPS Daily,5566,EPSG:4326
BG_11,,2024-05-28,23.632144032749327,92.87288881998268,435.05463,27.539928,130.09585571289062,214.8979148864746,238.7138214111328,0,background_no_recorded_event,500,42,Copernicus DEM GLO-30,30,CHIRPS Daily,5566,EPSG:4326
BG_12,,2024-05-28,24.05201659654679,92.60231625640587,45.347546,31.341808,141.94186401367188,292.1765251159668,292.1765251159668,0,background_no_recorded_event,500,42,Copernicus DEM GLO-30,30,CHIRPS Daily,5566,EPSG:4326
BG_13,,2024-05-28,23.520573274461682,92.64866932506644,234.8988,19.534325,128.1201934814453,225.95767211914062,263.3019714355469,0,background_no_recorded_event,500,42,Copernicus DEM GLO-30,30,CHIRPS Daily,5566,EPSG:4326
BG_14,,2024-05-28,23.708411000371072,92.49559640065247,672.551,35.35474,158.54266357421875,296.9300537109375,296.9300537109375,0,background_no_recorded_event,500,42,Copernicus DEM GLO-30,30,CHIRPS Daily,5566,EPSG:4326
BG_15,,2024-05-28,23.962005405078013,92.53009170756266,60.64652,6.54296,203.15513610839844,320.5421829223633,320.5421829223633,0,background_no_recorded_event,500,42,Copernicus DEM GLO-30,30,CHIRPS Daily,5566,EPSG:4326
BG_16,,2024-05-28,24.018060278807074,92.74730434326277,248.99086,12.6809,143.74636840820312,283.4876823425293,283.4876823425293,0,background_no_recorded_event,500,42,Copernicus DEM GLO-30,30,CHIRPS Daily,5566,EPSG:4326
BG_17,,2024-05-28,24.08327796843415,92.88097365753976,429.87717,25.177576,124.54024505615234,257.87854766845703,257.87854766845703,0,background_no_recorded_event,500,42,Copernicus DEM GLO-30,30,CHIRPS Daily,5566,EPSG:4326
BG_18,,2024-05-28,23.776054141265274,92.71173105801164,724.44293,19.096758,163.2393341064453,259.32766342163086,275.81050300598145,0,background_no_recorded_event,500,42,Copernicus DEM GLO-30,30,CHIRPS Daily,5566,EPSG:4326
BG_19,,2024-05-28,23.874689159461596,92.5912669784112,688.11755,22.885132,160.7626953125,264.80003356933594,264.80003356933594,0,background_no_recorded_event,500,42,Copernicus DEM GLO-30,30,CHIRPS Daily,5566,EPSG:4326
BG_20,,2024-05-28,23.98572092857877,92.64651336838455,305.71344,18.743464,164.02464294433594,291.6515884399414,291.6515884399414,0,background_no_recorded_event,500,42,Copernicus DEM GLO-30,30,CHIRPS Daily,5566,EPSG:4326
BG_21,,2024-05-28,23.895440242524757,92.92786571537079,1216.746,33.102947,133.07452392578125,257.0649871826172,257.0649871826172,0,background_no_recorded_event,500,42,Copernicus DEM GLO-30,30,CHIRPS Daily,5566,EPSG:4326
BG_22,,2024-05-28,23.476915151653472,92.64893881965168,521.12463,33.23287,109.82012176513672,243.88508224487305,274.31085777282715,0,background_no_recorded_event,500,42,Copernicus DEM GLO-30,30,CHIRPS Daily,5566,EPSG:4326
BG_23,,2024-05-28,23.869838256927352,92.64866932506644,213.92892,6.121924,133.9669189453125,236.23008728027344,236.23008728027344,0,background_no_recorded_event,500,42,Copernicus DEM GLO-30,30,CHIRPS Daily,5566,EPSG:4326
BG_24,,2024-05-28,23.892475802087162,92.84054946975436,267.61707,36.712433,141.2335205078125,239.73375701904297,239.73375701904297,0,background_no_recorded_event,500,42,Copernicus DEM GLO-30,30,CHIRPS Daily,5566,EPSG:4326
BG_25,,2024-05-28,23.749104682741688,92.90954008357475,759.0956,38.186985,132.13259887695312,197.69288635253906,230.22002410888672,0,background_no_recorded_event,500,42,Copernicus DEM GLO-30,30,CHIRPS Daily,5566,EPSG:4326
BG_26,,2024-05-28,23.859597462688388,92.657293151794,288.4058,10.279496,138.96986389160156,255.11741638183594,255.11741638183594,0,background_no_recorded_event,500,42,Copernicus DEM GLO-30,30,CHIRPS Daily,5566,EPSG:4326
BG_27,,2024-05-28,23.812974899442587,92.46298755583894,565.3742,29.669117,173.9872589111328,313.9410858154297,313.9410858154297,0,background_no_recorded_event,500,42,Copernicus DEM GLO-30,30,CHIRPS Daily,5566,EPSG:4326
BG_28,,2024-05-28,23.566117859366543,92.89202293553441,502.96042,28.15859,124.7547836303711,192.8963680267334,229.84925651550293,0,background_no_recorded_event,500,42,Copernicus DEM GLO-30,30,CHIRPS Daily,5566,EPSG:4326
BG_29,,2024-05-28,23.97143771556127,92.90253322435862,590.20996,31.343306,114.96668243408203,220.0229263305664,220.0229263305664,0,background_no_recorded_event,500,42,Copernicus DEM GLO-30,30,CHIRPS Daily,5566,EPSG:4326
BG_30,,2024-05-28,23.815130856124473,92.59396192426357,355.51144,15.311908,163.69512939453125,282.1622848510742,282.1622848510742,0,background_no_recorded_event,500,42,Copernicus DEM GLO-30,30,CHIRPS Daily,5566,EPSG:4326
BG_31,,2024-05-28,23.94206280577056,92.90954008357475,698.8787,22.711424,114.37263488769531,209.96936416625977,209.96936416625977,0,background_no_recorded_event,500,42,Copernicus DEM GLO-30,30,CHIRPS Daily,5566,EPSG:4326
BG_32,,2024-05-28,23.91807778768457,92.98823250246362,550.1499,12.106814,118.10382843017578,215.3574104309082,215.3574104309082,0,background_no_recorded_event,500,42,Copernicus DEM GLO-30,30,CHIRPS Daily,5566,EPSG:4326
BG_33,,2024-05-28,23.628371108556024,92.7702113830078,396.79974,32.87503,128.6545867919922,223.65303421020508,263.5138053894043,0,background_no_recorded_event,500,42,Copernicus DEM GLO-30,30,CHIRPS Daily,5566,EPSG:4326
BG_34,,2024-05-28,23.540515873769134,92.79904730362804,256.25696,18.126846,136.4126434326172,244.1869888305664,277.0615119934082,0,background_no_recorded_event,500,42,Copernicus DEM GLO-30,30,CHIRPS Daily,5566,EPSG:4326
BG_35,,2024-05-28,23.978175080192166,92.50826264615856,504.91214,27.432648,203.15513610839844,320.5421829223633,320.5421829223633,0,background_no_recorded_event,500,42,Copernicus DEM GLO-30,30,CHIRPS Daily,5566,EPSG:4326
BG_36,,2024-05-28,23.89597923169523,92.4853556064135,688.96063,31.23886,169.584228515625,299.6661720275879,299.6661720275879,0,background_no_recorded_event,500,42,Copernicus DEM GLO-30,30,CHIRPS Daily,5566,EPSG:4326
BG_37,,2024-05-28,23.824293672022492,92.72493629268818,792.5494,42.298523,155.63650512695312,261.16114807128906,261.16114807128906,0,background_no_recorded_event,500,42,Copernicus DEM GLO-30,30,CHIRPS Daily,5566,EPSG:4326
BG_38,,2024-05-28,23.777132119606215,92.77937419890583,590.897,34.503487,171.24420166015625,277.29468536376953,296.3358745574951,0,background_no_recorded_event,500,42,Copernicus DEM GLO-30,30,CHIRPS Daily,5566,EPSG:4326
BG_39,,2024-05-28,23.696014249450222,92.72790073312578,701.0143,28.57563,155.62832641601562,252.92779159545898,267.52588748931885,0,background_no_recorded_event,500,42,Copernicus DEM GLO-30,30,CHIRPS Daily,5566,EPSG:4326
BG_40,,2024-05-28,23.712722913734847,92.67858322402762,379.0995,3.832765,169.60687255859375,267.0843086242676,285.4428825378418,0,background_no_recorded_event,500,42,Copernicus DEM GLO-30,30,CHIRPS Daily,5566,EPSG:4326
BG_41,,2024-05-28,23.69628374403546,92.65271174384497,570.9632,33.641827,128.92320251464844,253.8608169555664,268.97982025146484,0,background_no_recorded_event,500,42,Copernicus DEM GLO-30,30,CHIRPS Daily,5566,EPSG:4326
BG_42,,2024-05-28,23.55776352722423,92.46244856666847,581.9891,11.535846,114.01127624511719,241.88836669921875,276.4680824279785,0,background_no_recorded_event,500,42,Copernicus DEM GLO-30,30,CHIRPS Daily,5566,EPSG:4326
BG_43,,2024-05-28,23.917538798514098,92.55003430687012,427.74286,25.49987,190.43728637695312,305.7191848754883,305.7191848754883,0,background_no_recorded_event,500,42,Copernicus DEM GLO-30,30,CHIRPS Daily,5566,EPSG:4326
BG_44,,2024-05-28,23.56935179438937,92.66699495686248,397.10504,27.799688,136.260986328125,240.61606216430664,271.25440406799316,0,background_no_recorded_event,500,42,Copernicus DEM GLO-30,30,CHIRPS Daily,5566,EPSG:4326
BG_45,,2024-05-28,23.692241325256923,92.50799315157332,168.82129,18.612331,157.4532012939453,309.8921813964844,309.8921813964844,0,background_no_recorded_event,500,42,Copernicus DEM GLO-30,30,CHIRPS Daily,5566,EPSG:4326
BG_46,,2024-05-28,23.842349809233294,92.98499856744078,1012.96344,20.872313,149.9873046875,223.8224983215332,241.9916820526123,0,background_no_recorded_event,500,42,Copernicus DEM GLO-30,30,CHIRPS Daily,5566,EPSG:4326
BG_47,,2024-05-28,23.644001794499705,92.87019387413031,548.6479,12.770247,130.09585571289062,214.8979148864746,238.7138214111328,0,background_no_recorded_event,500,42,Copernicus DEM GLO-30,30,CHIRPS Daily,5566,EPSG:4326
BG_48,,2024-05-28,23.92724060358259,92.58991950548503,780.209,38.968502,159.35244750976562,273.2596130371094,273.2596130371094,0,background_no_recorded_event,500,42,Copernicus DEM GLO-30,30,CHIRPS Daily,5566,EPSG:4326
BG_49,,2024-05-28,23.833995477090983,92.84998178023763,295.26266,26.659363,148.03797912597656,252.58111190795898,252.58111190795898,0,background_no_recorded_event,500,42,Copernicus DEM GLO-30,30,CHIRPS Daily,5566,EPSG:4326
BG_50,,2024-05-28,23.811896921101642,92.57671427080847,572.7021,25.235788,163.69512939453125,282.1622848510742,282.1622848510742,0,background_no_recorded_event,500,42,Copernicus DEM GLO-30,30,CHIRPS Daily,5566,EPSG:4326
BG_51,,2024-05-28,23.53943789542819,92.78853701480385,468.8154,27.076387,136.4126434326172,244.1869888305664,277.0615119934082,0,background_no_recorded_event,500,42,Copernicus DEM GLO-30,30,CHIRPS Daily,5566,EPSG:4326
BG_52,,2024-05-28,23.91349637973556,92.85671914486852,242.45526,36.353626,132.6033935546875,256.8159637451172,256.8159637451172,0,background_no_recorded_event,500,42,Copernicus DEM GLO-30,30,CHIRPS Daily,5566,EPSG:4326
BG_53,,2024-05-28,23.992458293209665,92.89687383806866,601.2462,21.231411,96.84575653076172,225.06865692138672,225.06865692138672,0,background_no_recorded_event,500,42,Copernicus DEM GLO-30,30,CHIRPS Daily,5566,EPSG:4326
BG_54,,2024-05-28,24.08327796843415,92.82006788127644,393.8563,33.07794,128.0061798095703,269.36503982543945,269.36503982543945,0,background_no_recorded_event,500,42,Copernicus DEM GLO-30,30,CHIRPS Daily,5566,EPSG:4326
BG_55,,2024-05-28,23.759075982395412,92.8400104805839,599.85175,28.225962,145.95169067382812,239.90277862548828,257.31964683532715,0,background_no_recorded_event,500,42,Copernicus DEM GLO-30,30,CHIRPS Daily,5566,EPSG:4326
BG_56,,2024-05-28,24.008627968323818,92.97718322446894,305.7843,32.2226,94.9051742553711,209.07917022705078,209.07917022705078,0,background_no_recorded_event,500,42,Copernicus DEM GLO-30,30,CHIRPS Daily,5566,EPSG:4326
BG_57,,2024-05-28,23.721885729632866,92.49047600353299,705.51794,40.848583,158.54266357421875,296.9300537109375,296.9300537109375,0,background_no_recorded_event,500,42,Copernicus DEM GLO-30,30,CHIRPS Daily,5566,EPSG:4326
BG_58,,2024-05-28,23.799500170180792,92.65540668969734,245.34445,14.25338,172.75070190429688,279.26146697998047,279.26146697998047,0,background_no_recorded_event,500,42,Copernicus DEM GLO-30,30,CHIRPS Daily,5566,EPSG:4326
BG_59,,2024-05-28,23.695205765694517,92.9227453182513,640.21466,24.124884,125.28914642333984,195.46574592590332,221.36861991882324,0,background_no_recorded_event,500,42,Copernicus DEM GLO-30,30,CHIRPS Daily,5566,EPSG:4326
BG_60,,2024-05-28,24.044470748160187,92.85294622067522,183.54274,28.561974,100.57221221923828,232.8218536376953,232.8218536376953,0,background_no_recorded_event,500,42,Copernicus DEM GLO-30,30,CHIRPS Daily,5566,EPSG:4326
BG_61,,2024-05-28,23.911070928468437,92.63735055248654,274.8244,8.490215,149.15887451171875,257.1335334777832,257.1335334777832,0,background_no_recorded_event,500,42,Copernicus DEM GLO-30,30,CHIRPS Daily,5566,EPSG:4326
BG_62,,2024-05-28,23.53162255245635,92.7685944154964,769.2563,7.0756297,136.4126434326172,244.1869888305664,277.0615119934082,0,background_no_recorded_event,500,42,Copernicus DEM GLO-30,30,CHIRPS Daily,5566,EPSG:4326
BG_63,,2024-05-28,24.08920684930934,92.84863430731144,96.46272,7.9735746,128.0061798095703,269.36503982543945,269.36503982543945,0,background_no_recorded_event,500,42,Copernicus DEM GLO-30,30,CHIRPS Daily,5566,EPSG:4326
BG_64,,2024-05-28,24.00781948456811,92.66591697852154,571.8968,19.410751,139.68443298339844,288.36982345581055,288.36982345581055,0,background_no_recorded_event,500,42,Copernicus DEM GLO-30,30,CHIRPS Daily,5566,EPSG:4326
BG_65,,2024-05-28,23.776862625020982,92.6077061481106,394.43076,13.044973,146.3689727783203,255.0957145690918,255.0957145690918,0,background_no_recorded_event,500,42,Copernicus DEM GLO-30,30,CHIRPS Daily,5566,EPSG:4326
BG_66,,2024-05-28,23.582557029065928,92.99658683460594,1106.249,37.155846,115.84728240966797,187.52660369873047,213.24666786193848,0,background_no_recorded_event,500,42,Copernicus DEM GLO-30,30,CHIRPS Daily,5566,EPSG:4326
BG_67,,2024-05-28,23.576897642775975,92.51796445122704,176.3041,17.183445,131.57156372070312,264.21384048461914,302.5195198059082,0,background_no_recorded_event,500,42,Copernicus DEM GLO-30,30,CHIRPS Daily,5566,EPSG:4326
BG_68,,2024-05-28,24.061448907030044,92.9677509139857,320.15906,17.386423,90.40760803222656,224.76395797729492,224.76395797729492,0,background_no_recorded_event,500,42,Copernicus DEM GLO-30,30,CHIRPS Daily,5566,EPSG:4326
BG_69,,2024-05-28,23.72997056718994,92.66456950559535,670.1376,37.391846,169.60687255859375,267.0843086242676,285.4428825378418,0,background_no_recorded_event,500,42,Copernicus DEM GLO-30,30,CHIRPS Daily,5566,EPSG:4326
BG_70,,2024-05-28,23.901369123399945,92.96209152769575,538.54016,35.4911,118.10382843017578,215.3574104309082,215.3574104309082,0,background_no_recorded_event,500,42,Copernicus DEM GLO-30,30,CHIRPS Daily,5566,EPSG:4326
BG_71,,2024-05-28,24.002968582033866,92.7446093974104,258.82498,24.310452,143.74636840820312,283.4876823425293,283.4876823425293,0,background_no_recorded_event,500,42,Copernicus DEM GLO-30,30,CHIRPS Daily,5566,EPSG:4326
BG_72,,2024-05-28,23.56665684853701,92.73517708692715,594.53845,11.919862,126.34567260742188,225.56153869628906,255.60668563842773,0,background_no_recorded_event,500,42,Copernicus DEM GLO-30,30,CHIRPS Daily,5566,EPSG:4326
BG_73,,2024-05-28,23.55506858137187,92.62684026366233,301.237,33.72922,139.08123779296875,246.19755172729492,273.67797660827637,0,background_no_recorded_event,500,42,Copernicus DEM GLO-30,30,CHIRPS Daily,5566,EPSG:4326
BG_74,,2024-05-28,23.53889890625772,92.77964369349107,849.1038,26.152391,136.4126434326172,244.1869888305664,277.0615119934082,0,background_no_recorded_event,500,42,Copernicus DEM GLO-30,30,CHIRPS Daily,5566,EPSG:4326
BG_75,,2024-05-28,23.580131577798806,92.99227492124216,1350.4258,23.684725,115.84728240966797,187.52660369873047,213.24666786193848,0,background_no_recorded_event,500,42,Copernicus DEM GLO-30,30,CHIRPS Daily,5566,EPSG:4326
BG_76,,2024-05-28,23.786294935504234,92.92005037239895,983.9864,39.955334,149.61886596679688,229.41242599487305,250.60684776306152,0,background_no_recorded_event,500,42,Copernicus DEM GLO-30,30,CHIRPS Daily,5566,EPSG:4326
BG_77,,2024-05-28,24.06899475541665,92.46379603959464,112.22131,23.58035,172.09210205078125,300.0973129272461,300.0973129272461,0,background_no_recorded_event,500,42,Copernicus DEM GLO-30,30,CHIRPS Daily,5566,EPSG:4326
BG_78,,2024-05-28,23.90648952051943,92.90900109440427,634.21936,31.438967,114.37263488769531,209.96936416625977,209.96936416625977,0,background_no_recorded_event,500,42,Copernicus DEM GLO-30,30,CHIRPS Daily,5566,EPSG:4326
BG_79,,2024-05-28,24.011322914176176,92.5349426100969,31.0,17.868507,221.72633361816406,345.5620880126953,345.5620880126953,0,background_no_recorded_event,500,42,Copernicus DEM GLO-30,30,CHIRPS Daily,5566,EPSG:4326
BG_80,,2024-05-28,23.70167363574018,92.97987817032131,1097.7146,34.67395,124.025390625,199.08475494384766,225.50044631958008,0,background_no_recorded_event,500,42,Copernicus DEM GLO-30,30,CHIRPS Daily,5566,EPSG:4326
BG_81,,2024-05-28,23.512488436904604,92.86803791744843,560.1665,29.068045,140.8377227783203,230.71803665161133,267.78420639038086,0,background_no_recorded_event,500,42,Copernicus DEM GLO-30,30,CHIRPS Daily,5566,EPSG:4326
BG_82,,2024-05-28,23.532700530797296,92.62522329615092,237.04526,24.345572,128.1201934814453,225.95767211914062,263.3019714355469,0,background_no_recorded_event,500,42,Copernicus DEM GLO-30,30,CHIRPS Daily,5566,EPSG:4326
BG_83,,2024-05-28,23.729162083434232,92.58129567875747,565.9698,30.949297,137.5864715576172,262.4698257446289,281.1665325164795,0,background_no_recorded_event,500,42,Copernicus DEM GLO-30,30,CHIRPS Daily,5566,EPSG:4326
BG_84,,2024-05-28,23.916999809343626,92.94699983092254,493.8256,10.318507,114.37263488769531,209.96936416625977,209.96936416625977,0,background_no_recorded_event,500,42,Copernicus DEM GLO-30,30,CHIRPS Daily,5566,EPSG:4326
BG_85,,2024-05-28,23.80623753481169,92.6114790723039,617.69244,6.6760573,162.8187713623047,271.525089263916,271.525089263916,0,background_no_recorded_event,500,42,Copernicus DEM GLO-30,30,CHIRPS Daily,5566,EPSG:4326
BG_86,,2024-05-28,23.494701794279038,92.74218394614329,1032.5675,29.599638,126.9948959350586,250.02560424804688,283.6670684814453,0,background_no_recorded_event,500,42,Copernicus DEM GLO-30,30,CHIRPS Daily,5566,EPSG:4326
BG_87,,2024-05-28,24.01105341959094,92.48319964973163,636.09924,25.313108,190.5614776611328,332.05835342407227,332.05835342407227,0,background_no_recorded_event,500,42,Copernicus DEM GLO-30,30,CHIRPS Daily,5566,EPSG:4326
BG_88,,2024-05-28,23.61893879807277,92.49883033567531,204.85075,19.373217,135.25204467773438,276.68790435791016,298.0708980560303,0,background_no_recorded_event,500,42,Copernicus DEM GLO-30,30,CHIRPS Daily,5566,EPSG:4326
BG_89,,2024-05-28,23.541863346695315,92.84351391019196,944.2691,39.90212,132.90013122558594,232.4102783203125,274.9632263183594,0,background_no_recorded_event,500,42,Copernicus DEM GLO-30,30,CHIRPS Daily,5566,EPSG:4326
BG_90,,2024-05-28,23.946105224549097,92.52928322380696,63.573395,6.1790905,190.43728637695312,305.7191848754883,305.7191848754883,0,background_no_recorded_event,500,42,Copernicus DEM GLO-30,30,CHIRPS Daily,5566,EPSG:4326
BG_91,,2024-05-28,23.599535187935786,92.81629495708314,408.9524,35.065353,123.25846862792969,222.80570220947266,253.95381927490234,0,background_no_recorded_event,500,42,Copernicus DEM GLO-30,30,CHIRPS Daily,5566,EPSG:4326
BG_92,,2024-05-28,23.500091685983755,92.60042979430922,612.4117,25.516094,109.82012176513672,243.88508224487305,274.31085777282715,0,background_no_recorded_event,500,42,Copernicus DEM GLO-30,30,CHIRPS Daily,5566,EPSG:4326
BG_93,,2024-05-28,23.518956306950265,92.75781463208696,517.1068,32.005287,136.4126434326172,244.1869888305664,277.0615119934082,0,background_no_recorded_event,500,42,Copernicus DEM GLO-30,30,CHIRPS Daily,5566,EPSG:4326
BG_94,,2024-05-28,24.018599267977542,92.48346914431686,470.77588,34.68169,190.5614776611328,332.05835342407227,332.05835342407227,0,background_no_recorded_event,500,42,Copernicus DEM GLO-30,30,CHIRPS Daily,5566,EPSG:4326
BG_95,,2024-05-28,23.57581966443503,92.59665687011592,616.72064,22.289806,125.38365936279297,225.3696632385254,271.6198081970215,0,background_no_recorded_event,500,42,Copernicus DEM GLO-30,30,CHIRPS Daily,5566,EPSG:4326
BG_96,,2024-05-28,23.594953779986778,92.87100235788603,608.45624,12.824359,124.7547836303711,192.8963680267334,229.84925651550293,0,background_no_recorded_event,500,42,Copernicus DEM GLO-30,30,CHIRPS Daily,5566,EPSG:4326
BG_97,,2024-05-28,23.940984827429617,92.85671914486852,312.16867,38.06639,132.6033935546875,256.8159637451172,256.8159637451172,0,background_no_recorded_event,500,42,Copernicus DEM GLO-30,30,CHIRPS Daily,5566,EPSG:4326
BG_98,,2024-05-28,23.624328689777485,92.55569369316007,402.06342,29.954035,133.11534118652344,254.1083221435547,290.3985290527344,0,background_no_recorded_event,500,42,Copernicus DEM GLO-30,30,CHIRPS Daily,5566,EPSG:4326
BG_99,,2024-05-28,23.733473996798008,92.52631878336936,218.16592,44.639713,163.15553283691406,307.5698013305664,307.5698013305664,0,background_no_recorded_event,500,42,Copernicus DEM GLO-30,30,CHIRPS Daily,5566,EPSG:4326
BG_100,,2024-05-28,24.069803239172355,92.8370460401463,406.40262,15.281186,128.0061798095703,269.36503982543945,269.36503982543945,0,background_no_recorded_event,500,42,Copernicus DEM GLO-30,30,CHIRPS Daily,5566,EPSG:4326
BG_101,,2024-05-28,24.050938618205848,92.83596806180536,264.15985,30.758303,128.0061798095703,269.36503982543945,269.36503982543945,0,background_no_recorded_event,500,42,Copernicus DEM GLO-30,30,CHIRPS Daily,5566,EPSG:4326
BG_102,,2024-05-28,24.051747101961553,92.79850831445758,471.85062,22.024235,148.35845947265625,292.2537651062012,292.2537651062012,0,background_no_recorded_event,500,42,Copernicus DEM GLO-30,30,CHIRPS Daily,5566,EPSG:4326
BG_103,,2024-05-28,23.552912624689984,92.92840470454126,1350.2664,36.458984,130.8920135498047,206.7709083557129,235.54150390625,0,background_no_recorded_event,500,42,Copernicus DEM GLO-30,30,CHIRPS Daily,5566,EPSG:4326
BG_104,,2024-05-28,24.022911181341318,92.93648954209833,864.6745,35.520226,119.46353149414062,237.5753059387207,237.5753059387207,0,background_no_recorded_event,500,42,Copernicus DEM GLO-30,30,CHIRPS Daily,5566,EPSG:4326
BG_105,,2024-05-28,24.047974177768253,92.51473051620422,452.8541,35.944004,221.72633361816406,345.5620880126953,345.5620880126953,0,background_no_recorded_event,500,42,Copernicus DEM GLO-30,30,CHIRPS Daily,5566,EPSG:4326
BG_106,,2024-05-28,24.01024493583523,92.64300993877649,239.89694,16.826424,151.3501739501953,292.43377685546875,292.43377685546875,0,background_no_recorded_event,500,42,Copernicus DEM GLO-30,30,CHIRPS Daily,5566,EPSG:4326
BG_107,,2024-05-28,23.905142047593248,92.68855452368135,364.77762,22.410673,136.06475830078125,261.0490837097168,261.0490837097168,0,background_no_recorded_event,500,42,Copernicus DEM GLO-30,30,CHIRPS Daily,5566,EPSG:4326
BG_108,,2024-05-28,23.864987354393104,92.552190263552,390.91623,28.917156,160.7626953125,264.80003356933594,264.80003356933594,0,background_no_recorded_event,500,42,Copernicus DEM GLO-30,30,CHIRPS Daily,5566,EPSG:4326
BG_109,,2024-05-28,24.075732120047544,92.87908719544309,530.87317,27.981024,124.54024505615234,257.87854766845703,257.87854766845703,0,background_no_recorded_event,500,42,Copernicus DEM GLO-30,30,CHIRPS Daily,5566,EPSG:4326
BG_110,,2024-05-28,24.084086452189858,92.79823881987234,726.31757,19.580965,148.35845947265625,292.2537651062012,292.2537651062012,0,background_no_recorded_event,500,42,Copernicus DEM GLO-30,30,CHIRPS Daily,5566,EPSG:4326
BG_111,,2024-05-28,23.59225883413442,92.57967871124606,396.47195,13.871385,125.38365936279297,225.3696632385254,271.6198081970215,0,background_no_recorded_event,500,42,Copernicus DEM GLO-30,30,CHIRPS Daily,5566,EPSG:4326
BG_112,,2024-05-28,23.474759194971586,92.69690885582366,700.7773,42.82018,103.66326141357422,232.81374740600586,262.8345699310303,0,background_no_recorded_event,500,42,Copernicus DEM GLO-30,30,CHIRPS Daily,5566,EPSG:4326
BG_113,,2024-05-28,23.62729313021508,92.87450578749409,390.89767,22.827503,130.09585571289062,214.8979148864746,238.7138214111328,0,background_no_recorded_event,500,42,Copernicus DEM GLO-30,30,CHIRPS Daily,5566,EPSG:4326
BG_114,,2024-05-28,24.09675269769594,92.70903611215927,375.4122,12.725253,146.2703399658203,288.20024490356445,288.20024490356445,0,background_no_recorded_event,500,42,Copernicus DEM GLO-30,30,CHIRPS Daily,5566,EPSG:4326
BG_115,,2024-05-28,23.77228121707197,92.57833123831988,761.6251,29.96064,150.06362915039062,289.7275848388672,289.7275848388672,0,background_no_recorded_event,500,42,Copernicus DEM GLO-30,30,CHIRPS Daily,5566,EPSG:4326
BG_116,,2024-05-28,23.673646198875648,92.99901228587305,696.8466,33.08117,118.6979751586914,184.82564544677734,217.03961086273193,0,background_no_recorded_event,500,42,Copernicus DEM GLO-30,30,CHIRPS Daily,5566,EPSG:4326
BG_117,,2024-05-28,23.47880161375012,92.45571120203756,290.39493,16.038464,133.9978790283203,254.46841049194336,290.1161422729492,0,background_no_recorded_event,500,42,Copernicus DEM GLO-30,30,CHIRPS Daily,5566,EPSG:4326
BG_118,,2024-05-28,23.750452155667865,92.6408539820946,341.0354,41.644066,146.3689727783203,255.0957145690918,255.0957145690918,0,background_no_recorded_event,500,42,Copernicus DEM GLO-30,30,CHIRPS Daily,5566,EPSG:4326
BG_119,,2024-05-28,23.49712724554616,92.87531427124979,798.41064,34.318333,121.28703308105469,213.33353805541992,240.04443359375,0,background_no_recorded_event,500,42,Copernicus DEM GLO-30,30,CHIRPS Daily,5566,EPSG:4326
BG_120,,2024-05-28,23.590641866623002,92.86049206906182,1042.2448,28.937504,124.7547836303711,192.8963680267334,229.84925651550293,0,background_no_recorded_event,500,42,Copernicus DEM GLO-30,30,CHIRPS Daily,5566,EPSG:4326
BG_121,,2024-05-28,23.580670566969278,92.90495867562574,442.55768,17.597443,130.8920135498047,206.7709083557129,235.54150390625,0,background_no_recorded_event,500,42,Copernicus DEM GLO-30,30,CHIRPS Daily,5566,EPSG:4326
BG_122,,2024-05-28,23.995153239062024,92.87854820627263,685.67,33.0647,96.84575653076172,225.06865692138672,225.06865692138672,0,background_no_recorded_event,500,42,Copernicus DEM GLO-30,30,CHIRPS Daily,5566,EPSG:4326
BG_123,,2024-05-28,23.565039881025598,92.81791192459455,550.7409,23.739794,123.25846862792969,222.80570220947266,253.95381927490234,0,background_no_recorded_event,500,42,Copernicus DEM GLO-30,30,CHIRPS Daily,5566,EPSG:4326
BG_124,,2024-05-28,24.024797643437967,92.52173737542036,279.70547,28.263033,221.72633361816406,345.5620880126953,345.5620880126953,0,background_no_recorded_event,500,42,Copernicus DEM GLO-30,30,CHIRPS Daily,5566,EPSG:4326
BG_125,,2024-05-28,24.03961984562594,92.99470037250929,189.45128,22.197971,94.9051742553711,209.07917022705078,209.07917022705078,0,background_no_recorded_event,500,42,Copernicus DEM GLO-30,30,CHIRPS Daily,5566,EPSG:4326
BG_126,,2024-05-28,23.74048085601414,92.77155885593399,402.07294,26.346865,168.18771362304688,276.38001251220703,296.426233291626,0,background_no_recorded_event,500,42,Copernicus DEM GLO-30,30,CHIRPS Daily,5566,EPSG:4326
BG_127,,2024-05-28,23.49335432135286,92.8895974842673,712.48553,32.524994,121.28703308105469,213.33353805541992,240.04443359375,0,background_no_recorded_event,500,42,Copernicus DEM GLO-30,30,CHIRPS Daily,5566,EPSG:4326
BG_128,,2024-05-28,23.537012444161068,92.76050957793932,584.82196,23.682549,136.4126434326172,244.1869888305664,277.0615119934082,0,background_no_recorded_event,500,42,Copernicus DEM GLO-30,30,CHIRPS Daily,5566,EPSG:4326
BG_129,,2024-05-28,23.821329231584897,92.6874765453404,513.4883,31.525541,155.36178588867188,265.36684799194336,265.36684799194336,0,background_no_recorded_event,500,42,Copernicus DEM GLO-30,30,CHIRPS Daily,5566,EPSG:4326
BG_130,,2024-05-28,23.853399087227963,92.46676048003224,622.1766,19.144567,169.584228515625,299.6661720275879,299.6661720275879,0,background_no_recorded_event,500,42,Copernicus DEM GLO-30,30,CHIRPS Daily,5566,EPSG:4326
BG_131,,2024-05-28,23.646696740352063,92.84728683438527,649.69196,26.573666,141.7860107421875,220.75698852539062,259.21767807006836,0,background_no_recorded_event,500,42,Copernicus DEM GLO-30,30,CHIRPS Daily,5566,EPSG:4326
BG_132,,2024-05-28,23.480688075846775,92.68559008324375,464.7513,36.810192,103.66326141357422,232.81374740600586,262.8345699310303,0,background_no_recorded_event,500,42,Copernicus DEM GLO-30,30,CHIRPS Daily,5566,EPSG:4326
BG_133,,2024-05-28,23.66960378009711,92.55353773647818,435.051,23.307175,148.83078002929688,263.13369369506836,296.8125534057617,0,background_no_recorded_event,500,42,Copernicus DEM GLO-30,30,CHIRPS Daily,5566,EPSG:4326
BG_134,,2024-05-28,23.60654204715192,92.90495867562574,575.2263,38.374683,133.27822875976562,213.1317481994629,236.39872932434082,0,background_no_recorded_event,500,42,Copernicus DEM GLO-30,30,CHIRPS Daily,5566,EPSG:4326
BG_135,,2024-05-28,23.631066054408382,92.89444838680154,740.826,42.209938,130.09585571289062,214.8979148864746,238.7138214111328,0,background_no_recorded_event,500,42,Copernicus DEM GLO-30,30,CHIRPS Daily,5566,EPSG:4326
BG_136,,2024-05-28,24.083816957604622,92.67076788105578,552.1069,20.000887,157.551513671875,306.708065032959,306.708065032959,0,background_no_recorded_event,500,42,Copernicus DEM GLO-30,30,CHIRPS Daily,5566,EPSG:4326
BG_137,,2024-05-28,23.98437345565259,92.65082528174833,309.45657,22.481249,144.1326904296875,272.5360412597656,272.5360412597656,0,background_no_recorded_event,500,42,Copernicus DEM GLO-30,30,CHIRPS Daily,5566,EPSG:4326
BG_138,,2024-05-28,23.55183464634904,92.82896120258923,629.64716,38.442818,123.25846862792969,222.80570220947266,253.95381927490234,0,background_no_recorded_event,500,42,Copernicus DEM GLO-30,30,CHIRPS Daily,5566,EPSG:4326
BG_139,,2024-05-28,23.80354258895933,92.776140263883,405.15604,37.232456,146.6471405029297,276.82655334472656,276.82655334472656,0,background_no_recorded_event,500,42,Copernicus DEM GLO-30,30,CHIRPS Daily,5566,EPSG:4326
BG_140,,2024-05-28,24.076271109218016,92.48885903602158,287.15918,36.295933,172.09210205078125,300.0973129272461,300.0973129272461,0,background_no_recorded_event,500,42,Copernicus DEM GLO-30,30,CHIRPS Daily,5566,EPSG:4326
BG_141,,2024-05-28,23.70598554910395,92.48589459558399,698.5452,31.649542,158.54266357421875,296.9300537109375,296.9300537109375,0,background_no_recorded_event,500,42,Copernicus DEM GLO-30,30,CHIRPS Daily,5566,EPSG:4326
BG_142,,2024-05-28,23.56935179438937,92.58399062460984,788.1971,34.83064,125.38365936279297,225.3696632385254,271.6198081970215,0,background_no_recorded_event,500,42,Copernicus DEM GLO-30,30,CHIRPS Daily,5566,EPSG:4326
BG_143,,2024-05-28,24.06495233663811,92.61498250191195,81.978455,17.305275,141.94186401367188,292.1765251159668,292.1765251159668,0,background_no_recorded_event,500,42,Copernicus DEM GLO-30,30,CHIRPS Daily,5566,EPSG:4326
BG_144,,2024-05-28,23.790337354282773,92.83192564302682,536.63043,36.33242,145.95169067382812,239.90277862548828,257.31964683532715,0,background_no_recorded_event,500,42,Copernicus DEM GLO-30,30,CHIRPS Daily,5566,EPSG:4326
BG_145,,2024-05-28,23.930205044020184,92.58641607587695,896.39136,18.854029,159.35244750976562,273.2596130371094,273.2596130371094,0,background_no_recorded_event,500,42,Copernicus DEM GLO-30,30,CHIRPS Daily,5566,EPSG:4326
BG_146,,2024-05-28,23.992458293209665,92.48481661724304,672.64716,17.71138,203.72547912597656,321.77637100219727,321.77637100219727,0,background_no_recorded_event,500,42,Copernicus DEM GLO-30,30,CHIRPS Daily,5566,EPSG:4326
BG_147,,2024-05-28,23.560727967661823,92.5093406244995,274.3005,41.40357,131.57156372070312,264.21384048461914,302.5195198059082,0,background_no_recorded_event,500,42,Copernicus DEM GLO-30,30,CHIRPS Daily,5566,EPSG:4326
BG_148,,2024-05-28,23.91565233641745,92.57940921666082,615.5226,28.40956,159.35244750976562,273.2596130371094,273.2596130371094,0,background_no_recorded_event,500,42,Copernicus DEM GLO-30,30,CHIRPS Daily,5566,EPSG:4326
BG_149,,2024-05-28,23.87765359989919,92.51500001078945,325.9386,40.024616,173.7638702392578,281.5558891296387,281.5558891296387,0,background_no_recorded_event,500,42,Copernicus DEM GLO-30,30,CHIRPS Daily,5566,EPSG:4326
BG_150,,2024-05-28,23.91592183100268,92.61336553440054,273.45715,13.904002,149.15887451171875,257.1335334777832,257.1335334777832,0,background_no_recorded_event,500,42,Copernicus DEM GLO-30,30,CHIRPS Daily,5566,EPSG:4326
BG_151,,2024-05-28,23.610584465930458,92.86157004740276,834.2423,38.948654,130.09585571289062,214.8979148864746,238.7138214111328,0,background_no_recorded_event,500,42,Copernicus DEM GLO-30,30,CHIRPS Daily,5566,EPSG:4326
BG_152,,2024-05-28,23.902716596326126,92.61579098566767,214.2,22.706768,149.15887451171875,257.1335334777832,257.1335334777832,0,background_no_recorded_event,500,42,Copernicus DEM GLO-30,30,CHIRPS Daily,5566,EPSG:4326
BG_153,,2024-05-28,23.575550169849794,92.67373232149338,622.074,34.086723,136.260986328125,240.61606216430664,271.25440406799316,0,background_no_recorded_event,500,42,Copernicus DEM GLO-30,30,CHIRPS Daily,5566,EPSG:4326
BG_154,,2024-05-28,23.917538798514098,92.8971433326539,562.5812,11.275334,132.6033935546875,256.8159637451172,256.8159637451172,0,background_no_recorded_event,500,42,Copernicus DEM GLO-30,30,CHIRPS Daily,5566,EPSG:4326
BG_155,,2024-05-28,23.91565233641745,92.51661697830087,133.64172,20.06581,190.43728637695312,305.7191848754883,305.7191848754883,0,background_no_recorded_event,500,42,Copernicus DEM GLO-30,30,CHIRPS Daily,5566,EPSG:4326
BG_156,,2024-05-28,23.680653058091778,92.73409910858621,614.58356,33.052097,155.62832641601562,252.92779159545898,267.52588748931885,0,background_no_recorded_event,500,42,Copernicus DEM GLO-30,30,CHIRPS Daily,5566,EPSG:4326
BG_157,,2024-05-28,23.780096560043813,92.65352022760068,309.25946,16.846457,172.75070190429688,279.26146697998047,279.26146697998047,0,background_no_recorded_event,500,42,Copernicus DEM GLO-30,30,CHIRPS Daily,5566,EPSG:4326
BG_158,,2024-05-28,23.859597462688388,92.90388069728479,995.3051,41.0325,133.07452392578125,257.0649871826172,257.0649871826172,0,background_no_recorded_event,500,42,Copernicus DEM GLO-30,30,CHIRPS Daily,5566,EPSG:4326
BG_159,,2024-05-28,23.617321830561355,92.59719585928639,998.95447,21.772827,133.11534118652344,254.1083221435547,290.3985290527344,0,background_no_recorded_event,500,42,Copernicus DEM GLO-30,30,CHIRPS Daily,5566,EPSG:4326
BG_160,,2024-05-28,24.081661000922733,92.62010289903144,110.50668,11.065492,141.94186401367188,292.1765251159668,292.1765251159668,0,background_no_recorded_event,500,42,Copernicus DEM GLO-30,30,CHIRPS Daily,5566,EPSG:4326
BG_161,,2024-05-28,24.07492363629184,92.54976481228488,168.28128,20.601147,181.97244262695312,343.11642837524414,343.11642837524414,0,background_no_recorded_event,500,42,Copernicus DEM GLO-30,30,CHIRPS Daily,5566,EPSG:4326
BG_162,,2024-05-28,23.600343671691494,92.68532058865851,399.0055,40.334213,130.64675903320312,234.3502960205078,266.15834045410156,0,background_no_recorded_event,500,42,Copernicus DEM GLO-30,30,CHIRPS Daily,5566,EPSG:4326
BG_163,,2024-05-28,23.84046334713664,92.67669676193097,470.71606,36.121304,155.36178588867188,265.36684799194336,265.36684799194336,0,background_no_recorded_event,500,42,Copernicus DEM GLO-30,30,CHIRPS Daily,5566,EPSG:4326
BG_164,,2024-05-28,23.948261181230986,92.89741282723914,690.4951,14.9127445,132.6033935546875,256.8159637451172,256.8159637451172,0,background_no_recorded_event,500,42,Copernicus DEM GLO-30,30,CHIRPS Daily,5566,EPSG:4326
BG_165,,2024-05-28,24.00916695749429,92.5139220324485,366.6417,15.16554,221.72633361816406,345.5620880126953,345.5620880126953,0,background_no_recorded_event,500,42,Copernicus DEM GLO-30,30,CHIRPS Daily,5566,EPSG:4326
BG_166,,2024-05-28,24.059562444933395,92.87369730373838,383.72516,33.81877,124.54024505615234,257.87854766845703,257.87854766845703,0,background_no_recorded_event,500,42,Copernicus DEM GLO-30,30,CHIRPS Daily,5566,EPSG:4326
BG_167,,2024-05-28,23.900291145059004,92.96963737608235,559.40594,29.7532,118.10382843017578,215.3574104309082,215.3574104309082,0,background_no_recorded_event,500,42,Copernicus DEM GLO-30,30,CHIRPS Daily,5566,EPSG:4326
BG_168,,2024-05-28,23.984912444823063,92.93325560707551,1141.8096,18.611486,114.96668243408203,220.0229263305664,220.0229263305664,0,background_no_recorded_event,500,42,Copernicus DEM GLO-30,30,CHIRPS Daily,5566,EPSG:4326
BG_169,,2024-05-28,23.597648725839136,92.76967239383734,385.20612,19.656849,115.6326904296875,219.0087776184082,249.3819351196289,0,background_no_recorded_event,500,42,Copernicus DEM GLO-30,30,CHIRPS Daily,5566,EPSG:4326
BG_170,,2024-05-28,23.67526316638706,92.62522329615092,933.2859,39.38173,135.01345825195312,262.64724349975586,282.68959617614746,0,background_no_recorded_event,500,42,Copernicus DEM GLO-30,30,CHIRPS Daily,5566,EPSG:4326
BG_171,,2024-05-28,23.628101613970788,92.73733304360904,481.0979,28.405985,128.19728088378906,227.20158767700195,256.5766658782959,0,background_no_recorded_event,500,42,Copernicus DEM GLO-30,30,CHIRPS Daily,5566,EPSG:4326
BG_172,,2024-05-28,23.691163346915978,92.93648954209833,841.95905,34.46162,125.28914642333984,195.46574592590332,221.36861991882324,0,background_no_recorded_event,500,42,Copernicus DEM GLO-30,30,CHIRPS Daily,5566,EPSG:4326
BG_173,,2024-05-28,23.75665053112829,92.91735542654659,484.95682,29.265497,149.61886596679688,229.41242599487305,250.60684776306152,0,background_no_recorded_event,500,42,Copernicus DEM GLO-30,30,CHIRPS Daily,5566,EPSG:4326
BG_174,,2024-05-28,23.504134104762294,92.73598557068286,818.8022,24.018612,134.55624389648438,239.2357635498047,270.5774669647217,0,background_no_recorded_event,500,42,Copernicus DEM GLO-30,30,CHIRPS Daily,5566,EPSG:4326
BG_175,,2024-05-28,24.013478870858062,92.8392019968282,143.25609,25.054678,124.33464813232422,252.15615463256836,252.15615463256836,0,background_no_recorded_event,500,42,Copernicus DEM GLO-30,30,CHIRPS Daily,5566,EPSG:4326
BG_176,,2024-05-28,23.50575107227371,92.87827871168739,589.4693,12.086481,140.8377227783203,230.71803665161133,267.78420639038086,0,background_no_recorded_event,500,42,Copernicus DEM GLO-30,30,CHIRPS Daily,5566,EPSG:4326
BG_177,,2024-05-28,23.95392056752094,92.67373232149338,502.2773,15.49029,144.1326904296875,272.5360412597656,272.5360412597656,0,background_no_recorded_event,500,42,Copernicus DEM GLO-30,30,CHIRPS Daily,5566,EPSG:4326
BG_178,,2024-05-28,23.615435368464702,92.46379603959464,619.83954,27.787287,135.25204467773438,276.68790435791016,298.0708980560303,0,background_no_recorded_event,500,42,Copernicus DEM GLO-30,30,CHIRPS Daily,5566,EPSG:4326
BG_179,,2024-05-28,23.994344755306315,92.61875542610527,72.28197,22.508595,164.02464294433594,291.6515884399414,291.6515884399414,0,background_no_recorded_event,500,42,Copernicus DEM GLO-30,30,CHIRPS Daily,5566,EPSG:4326
BG_180,,2024-05-28,23.482574537943425,92.68612907241422,545.74646,27.67413,103.66326141357422,232.81374740600586,262.8345699310303,0,background_no_recorded_event,500,42,Copernicus DEM GLO-30,30,CHIRPS Daily,5566,EPSG:4326
BG_181,,2024-05-28,23.473950711215878,92.75296372955272,1070.2646,20.719152,137.80337524414062,267.517147064209,301.49647521972656,0,background_no_recorded_event,500,42,Copernicus DEM GLO-30,30,CHIRPS Daily,5566,EPSG:4326
BG_182,,2024-05-28,23.694127787353573,92.57967871124606,725.72833,15.696059,148.83078002929688,263.13369369506836,296.8125534057617,0,background_no_recorded_event,500,42,Copernicus DEM GLO-30,30,CHIRPS Daily,5566,EPSG:4326
BG_183,,2024-05-28,23.64211533240305,92.71739044430159,546.04785,26.65018,128.19728088378906,227.20158767700195,256.5766658782959,0,background_no_recorded_event,500,42,Copernicus DEM GLO-30,30,CHIRPS Daily,5566,EPSG:4326
BG_184,,2024-05-28,23.61813031431706,92.74865181618894,501.24622,25.379202,128.19728088378906,227.20158767700195,256.5766658782959,0,background_no_recorded_event,500,42,Copernicus DEM GLO-30,30,CHIRPS Daily,5566,EPSG:4326
BG_185,,2024-05-28,23.940445838259144,92.87369730373838,602.753,25.071293,132.6033935546875,256.8159637451172,256.8159637451172,0,background_no_recorded_event,500,42,Copernicus DEM GLO-30,30,CHIRPS Daily,5566,EPSG:4326
BG_186,,2024-05-28,23.9746716505841,92.51041860284045,337.0649,21.069572,203.15513610839844,320.5421829223633,320.5421829223633,0,background_no_recorded_event,500,42,Copernicus DEM GLO-30,30,CHIRPS Daily,5566,EPSG:4326
BG_187,,2024-05-28,23.60654204715192,92.79958629279852,304.7064,43.210842,128.6545867919922,223.65303421020508,263.5138053894043,0,background_no_recorded_event,500,42,Copernicus DEM GLO-30,30,CHIRPS Daily,5566,EPSG:4326
BG_188,,2024-05-28,23.50763753437036,92.80578466825895,441.40958,25.747252,132.90013122558594,232.4102783203125,274.9632263183594,0,background_no_recorded_event,500,42,Copernicus DEM GLO-30,30,CHIRPS Daily,5566,EPSG:4326
BG_189,,2024-05-28,23.723772191729516,92.6160604802529,637.5434,19.5752,153.38121032714844,273.8194465637207,292.0539264678955,0,background_no_recorded_event,500,42,Copernicus DEM GLO-30,30,CHIRPS Daily,5566,EPSG:4326
BG_190,,2024-05-28,23.992458293209665,92.97772221363942,309.60312,30.73118,92.24658966064453,184.7187843322754,184.7187843322754,0,background_no_recorded_event,500,42,Copernicus DEM GLO-30,30,CHIRPS Daily,5566,EPSG:4326
BG_191,,2024-05-28,23.722155224218103,92.8828601196364,345.22336,35.940598,131.27294921875,213.93901824951172,230.55496215820312,0,background_no_recorded_event,500,42,Copernicus DEM GLO-30,30,CHIRPS Daily,5566,EPSG:4326
BG_192,,2024-05-28,23.585521469503522,92.55030380145536,365.92575,24.101164,131.57156372070312,264.21384048461914,302.5195198059082,0,background_no_recorded_event,500,42,Copernicus DEM GLO-30,30,CHIRPS Daily,5566,EPSG:4326
BG_193,,2024-05-28,23.948261181230986,92.46164008291275,208.3529,16.27251,187.2071533203125,298.9837532043457,298.9837532043457,0,background_no_recorded_event,500,42,Copernicus DEM GLO-30,30,CHIRPS Daily,5566,EPSG:4326
BG_194,,2024-05-28,23.886277426626737,92.89498737597201,430.4407,27.38338,156.0974578857422,246.51656341552734,246.51656341552734,0,background_no_recorded_event,500,42,Copernicus DEM GLO-30,30,CHIRPS Daily,5566,EPSG:4326
BG_195,,2024-05-28,23.744523274792677,92.56485650905809,606.6944,9.5047455,137.5864715576172,262.4698257446289,281.1665325164795,0,background_no_recorded_event,500,42,Copernicus DEM GLO-30,30,CHIRPS Daily,5566,EPSG:4326
BG_196,,2024-05-28,23.511410458563663,92.49397943314106,543.86743,30.9696,106.26556396484375,231.5287971496582,267.8084716796875,0,background_no_recorded_event,500,42,Copernicus DEM GLO-30,30,CHIRPS Daily,5566,EPSG:4326
BG_197,,2024-05-28,23.905411542178484,92.52685777253983,43.0,0.0,190.43728637695312,305.7191848754883,305.7191848754883,0,background_no_recorded_event,500,42,Copernicus DEM GLO-30,30,CHIRPS Daily,5566,EPSG:4326
BG_198,,2024-05-28,23.843427787574235,92.67265434315243,286.92038,30.928402,155.36178588867188,265.36684799194336,265.36684799194336,0,background_no_recorded_event,500,42,Copernicus DEM GLO-30,30,CHIRPS Daily,5566,EPSG:4326
BG_199,,2024-05-28,23.892206307501926,92.65675416262351,195.86699,15.085324,138.96986389160156,255.11741638183594,255.11741638183594,0,background_no_recorded_event,500,42,Copernicus DEM GLO-30,30,CHIRPS Daily,5566,EPSG:4326
BG_200,,2024-05-28,23.746140242304094,92.52847474005125,267.9136,34.035244,163.15553283691406,307.5698013305664,307.5698013305664,0,background_no_recorded_event,500,42,Copernicus DEM GLO-30,30,CHIRPS Daily,5566,EPSG:4326
BG_201,,2024-05-28,23.924815152315464,92.5416799747278,255.77849,24.432482,190.43728637695312,305.7191848754883,305.7191848754883,0,background_no_recorded_event,500,42,Copernicus DEM GLO-30,30,CHIRPS Daily,5566,EPSG:4326
BG_202,,2024-05-28,23.53108356328588,92.88043466836928,553.24567,35.098404,140.8377227783203,230.71803665161133,267.78420639038086,0,background_no_recorded_event,500,42,Copernicus DEM GLO-30,30,CHIRPS Daily,5566,EPSG:4326
BG_203,,2024-05-28,23.892475802087162,92.55704116608625,281.552,3.7839763,160.7626953125,264.80003356933594,264.80003356933594,0,background_no_recorded_event,500,42,Copernicus DEM GLO-30,30,CHIRPS Daily,5566,EPSG:4326
BG_204,,2024-05-28,23.761770928247774,92.88339910880687,252.52989,31.98692,146.19754028320312,231.4242706298828,247.65005111694336,0,background_no_recorded_event,500,42,Copernicus DEM GLO-30,30,CHIRPS Daily,5566,EPSG:4326
BG_205,,2024-05-28,23.558572010979937,92.57482780871182,965.79816,21.020618,125.38365936279297,225.3696632385254,271.6198081970215,0,background_no_recorded_event,500,42,Copernicus DEM GLO-30,30,CHIRPS Daily,5566,EPSG:4326
BG_206,,2024-05-28,23.940984827429617,92.63573358497511,182.46849,17.187847,149.15887451171875,257.1335334777832,257.1335334777832,0,background_no_recorded_event,500,42,Copernicus DEM GLO-30,30,CHIRPS Daily,5566,EPSG:4326
BG_207,,2024-05-28,23.908645477201315,92.9483473038487,879.08746,44.45464,114.37263488769531,209.96936416625977,209.96936416625977,0,background_no_recorded_event,500,42,Copernicus DEM GLO-30,30,CHIRPS Daily,5566,EPSG:4326
BG_208,,2024-05-28,23.61220143344187,92.77398430720112,361.21695,10.935986,128.6545867919922,223.65303421020508,263.5138053894043,0,background_no_recorded_event,500,42,Copernicus DEM GLO-30,30,CHIRPS Daily,5566,EPSG:4326
BG_209,,2024-05-28,23.84908717386419,92.84432239394768,318.8683,36.55672,148.03797912597656,252.58111190795898,252.58111190795898,0,background_no_recorded_event,500,42,Copernicus DEM GLO-30,30,CHIRPS Daily,5566,EPSG:4326
BG_210,,2024-05-28,23.47368121663064,92.77802672597966,635.4947,11.296926,137.80337524414062,267.517147064209,301.49647521972656,0,background_no_recorded_event,500,42,Copernicus DEM GLO-30,30,CHIRPS Daily,5566,EPSG:4326
BG_211,,2024-05-28,23.590641866623002,92.89094495719347,338.99448,15.165964,124.7547836303711,192.8963680267334,229.84925651550293,0,background_no_recorded_event,500,42,Copernicus DEM GLO-30,30,CHIRPS Daily,5566,EPSG:4326
BG_212,,2024-05-28,23.6793055851656,92.96020506559908,947.2064,34.95416,118.6979751586914,184.82564544677734,217.03961086273193,0,background_no_recorded_event,500,42,Copernicus DEM GLO-30,30,CHIRPS Daily,5566,EPSG:4326
BG_213,,2024-05-28,23.99677020657344,92.61094008313341,198.47614,19.090004,164.02464294433594,291.6515884399414,291.6515884399414,0,background_no_recorded_event,500,42,Copernicus DEM GLO-30,30,CHIRPS Daily,5566,EPSG:4326
BG_214,,2024-05-28,23.784138978822348,92.83003918093017,346.77844,37.09209,145.95169067382812,239.90277862548828,257.31964683532715,0,background_no_recorded_event,500,42,Copernicus DEM GLO-30,30,CHIRPS Daily,5566,EPSG:4326
BG_215,,2024-05-28,23.518417317779793,92.69636986665319,653.3297,23.686092,136.76318359375,248.15062713623047,283.33372497558594,0,background_no_recorded_event,500,42,Copernicus DEM GLO-30,30,CHIRPS Daily,5566,EPSG:4326
BG_216,,2024-05-28,23.47961009750583,92.67292383773767,304.64883,23.802734,103.66326141357422,232.81374740600586,262.8345699310303,0,background_no_recorded_event,500,42,Copernicus DEM GLO-30,30,CHIRPS Daily,5566,EPSG:4326
BG_217,,2024-05-28,23.96820378053844,92.50502871113572,580.7614,24.402075,203.15513610839844,320.5421829223633,320.5421829223633,0,background_no_recorded_event,500,42,Copernicus DEM GLO-30,30,CHIRPS Daily,5566,EPSG:4326
BG_218,,2024-05-28,23.590102877452534,92.97772221363942,1178.1919,28.505426,115.84728240966797,187.52660369873047,213.24666786193848,0,background_no_recorded_event,500,42,Copernicus DEM GLO-30,30,CHIRPS Daily,5566,EPSG:4326
BG_219,,2024-05-28,23.99865666867009,92.55488520940436,79.01959,11.748609,199.29632568359375,315.9958839416504,315.9958839416504,0,background_no_recorded_event,500,42,Copernicus DEM GLO-30,30,CHIRPS Daily,5566,EPSG:4326
BG_220,,2024-05-28,23.60384710129956,92.76212654545074,544.9607,13.96148,128.6545867919922,223.65303421020508,263.5138053894043,0,background_no_recorded_event,500,42,Copernicus DEM GLO-30,30,CHIRPS Daily,5566,EPSG:4326
BG_221,,2024-05-28,23.528927606603993,92.7648214913031,727.0902,35.0902,136.4126434326172,244.1869888305664,277.0615119934082,0,background_no_recorded_event,500,42,Copernicus DEM GLO-30,30,CHIRPS Daily,5566,EPSG:4326
BG_222,,2024-05-28,23.50629006144418,92.61471300732673,605.78534,34.467262,128.1201934814453,225.95767211914062,263.3019714355469,0,background_no_recorded_event,500,42,Copernicus DEM GLO-30,30,CHIRPS Daily,5566,EPSG:4326
BG_223,,2024-05-28,24.059023455762922,92.88393809797735,642.6683,26.091715,124.54024505615234,257.87854766845703,257.87854766845703,0,background_no_recorded_event,500,42,Copernicus DEM GLO-30,30,CHIRPS Daily,5566,EPSG:4326
BG_224,,2024-05-28,23.869568762342116,92.78853701480385,207.42436,24.590563,144.4098663330078,272.0410957336426,272.0410957336426,0,background_no_recorded_event,500,42,Copernicus DEM GLO-30,30,CHIRPS Daily,5566,EPSG:4326
BG_225,,2024-05-28,23.816747823635886,92.48212167139069,1058.5347,20.648008,173.9872589111328,313.9410858154297,313.9410858154297,0,background_no_recorded_event,500,42,Copernicus DEM GLO-30,30,CHIRPS Daily,5566,EPSG:4326
BG_226,,2024-05-28,23.98949385277207,92.92651824244462,1019.3939,45.740322,114.96668243408203,220.0229263305664,220.0229263305664,0,background_no_recorded_event,500,42,Copernicus DEM GLO-30,30,CHIRPS Daily,5566,EPSG:4326
BG_227,,2024-05-28,23.816208834465417,92.5085321407438,359.1839,32.15895,175.89549255371094,295.497013092041,295.497013092041,0,background_no_recorded_event,500,42,Copernicus DEM GLO-30,30,CHIRPS Daily,5566,EPSG:4326
BG_228,,2024-05-28,24.067108293319997,92.50017780860148,515.49023,25.473148,172.09210205078125,300.0973129272461,300.0973129272461,0,background_no_recorded_event,500,42,Copernicus DEM GLO-30,30,CHIRPS Daily,5566,EPSG:4326
BG_229,,2024-05-28,23.543210819621493,92.61255705064484,508.9702,28.105444,128.1201934814453,225.95767211914062,263.3019714355469,0,background_no_recorded_event,500,42,Copernicus DEM GLO-30,30,CHIRPS Daily,5566,EPSG:4326
BG_230,,2024-05-28,23.70517706534824,92.88420759256257,304.5784,18.266464,131.27294921875,213.93901824951172,230.55496215820312,0,background_no_recorded_event,500,42,Copernicus DEM GLO-30,30,CHIRPS Daily,5566,EPSG:4326
BG_231,,2024-05-28,23.888433383308627,92.80039477655423,262.8117,7.0336037,144.4098663330078,272.0410957336426,272.0410957336426,0,background_no_recorded_event,500,42,Copernicus DEM GLO-30,30,CHIRPS Daily,5566,EPSG:4326
BG_232,,2024-05-28,24.008358473738582,92.72574477644389,572.1059,21.292622,143.74636840820312,283.4876823425293,283.4876823425293,0,background_no_recorded_event,500,42,Copernicus DEM GLO-30,30,CHIRPS Daily,5566,EPSG:4326
BG_233,,2024-05-28,23.862292408540746,92.46622149086177,632.79004,34.0582,169.584228515625,299.6661720275879,299.6661720275879,0,background_no_recorded_event,500,42,Copernicus DEM GLO-30,30,CHIRPS Daily,5566,EPSG:4326
BG_234,,2024-05-28,23.491737353841444,92.76347401837691,781.48474,15.05289,137.80337524414062,267.517147064209,301.49647521972656,0,background_no_recorded_event,500,42,Copernicus DEM GLO-30,30,CHIRPS Daily,5566,EPSG:4326
BG_235,,2024-05-28,23.925354141485936,92.83866300765771,223.80627,35.94099,145.23460388183594,241.41971588134766,241.41971588134766,0,background_no_recorded_event,500,42,Copernicus DEM GLO-30,30,CHIRPS Daily,5566,EPSG:4326
BG_236,,2024-05-28,23.985451433993532,92.81575596791266,231.18036,34.41048,107.90179443359375,251.52999114990234,251.52999114990234,0,background_no_recorded_event,500,42,Copernicus DEM GLO-30,30,CHIRPS Daily,5566,EPSG:4326
BG_237,,2024-05-28,23.590102877452534,92.45921463164564,840.59894,26.609148,114.01127624511719,241.88836669921875,276.4680824279785,0,background_no_recorded_event,500,42,Copernicus DEM GLO-30,30,CHIRPS Daily,5566,EPSG:4326
BG_238,,2024-05-28,23.587407931600172,92.53278665341502,379.68118,35.520153,131.57156372070312,264.21384048461914,302.5195198059082,0,background_no_recorded_event,500,42,Copernicus DEM GLO-30,30,CHIRPS Daily,5566,EPSG:4326
BG_239,,2024-05-28,24.021563708415137,92.7912319606562,635.1616,16.505943,142.43124389648438,283.56897354125977,283.56897354125977,0,background_no_recorded_event,500,42,Copernicus DEM GLO-30,30,CHIRPS Daily,5566,EPSG:4326
BG_240,,2024-05-28,24.049860639864903,92.84324441560673,130.46925,25.602615,124.33464813232422,252.15615463256836,252.15615463256836,0,background_no_recorded_event,500,42,Copernicus DEM GLO-30,30,CHIRPS Daily,5566,EPSG:4326
BG_241,,2024-05-28,23.632413527334563,92.48346914431686,595.80365,23.945892,135.25204467773438,276.68790435791016,298.0708980560303,0,background_no_recorded_event,500,42,Copernicus DEM GLO-30,30,CHIRPS Daily,5566,EPSG:4326
BG_242,,2024-05-28,23.45104367147083,92.52712726712507,717.06976,33.307774,119.11924743652344,259.05004119873047,289.30902099609375,0,background_no_recorded_event,500,42,Copernicus DEM GLO-30,30,CHIRPS Daily,5566,EPSG:4326
BG_243,,2024-05-28,24.08732038721269,92.47188087715172,50.072487,12.016705,172.09210205078125,300.0973129272461,300.0973129272461,0,background_no_recorded_event,500,42,Copernicus DEM GLO-30,30,CHIRPS Daily,5566,EPSG:4326
BG_244,,2024-05-28,23.46856081951116,92.98688502953743,821.06775,23.833748,120.54961395263672,192.81059646606445,233.39290237426758,0,background_no_recorded_event,500,42,Copernicus DEM GLO-30,30,CHIRPS Daily,5566,EPSG:4326
BG_245,,2024-05-28,23.53943789542819,92.85968358530612,643.36804,29.885641,140.8377227783203,230.71803665161133,267.78420639038086,0,background_no_recorded_event,500,42,Copernicus DEM GLO-30,30,CHIRPS Daily,5566,EPSG:4326
BG_246,,2024-05-28,23.576089159020267,92.78099116641725,453.12265,20.98888,115.6326904296875,219.0087776184082,249.3819351196289,0,background_no_recorded_event,500,42,Copernicus DEM GLO-30,30,CHIRPS Daily,5566,EPSG:4326
BG_247,,2024-05-28,23.762848906588715,92.46110109374229,481.47342,26.07391,152.3175048828125,304.86753845214844,304.86753845214844,0,background_no_recorded_event,500,42,Copernicus DEM GLO-30,30,CHIRPS Daily,5566,EPSG:4326
BG_248,,2024-05-28,23.808393491493575,92.93002167205267,1286.9294,35.43849,178.2377166748047,261.8654022216797,281.3995304107666,0,background_no_recorded_event,500,42,Copernicus DEM GLO-30,30,CHIRPS Daily,5566,EPSG:4326
BG_249,,2024-05-28,23.797613708084143,92.99847329670258,676.5312,34.088905,138.8038330078125,210.73931121826172,229.35657119750977,0,background_no_recorded_event,500,42,Copernicus DEM GLO-30,30,CHIRPS Daily,5566,EPSG:4326
BG_250,,2024-05-28,23.510601974807955,92.8144084949865,627.1461,26.585606,132.90013122558594,232.4102783203125,274.9632263183594,0,background_no_recorded_event,500,42,Copernicus DEM GLO-30,30,CHIRPS Daily,5566,EPSG:4326
BG_251,,2024-05-28,24.050938618205848,92.52685777253983,114.20653,29.27024,181.97244262695312,343.11642837524414,343.11642837524414,0,background_no_recorded_event,500,42,Copernicus DEM GLO-30,30,CHIRPS Daily,5566,EPSG:4326
BG_252,,2024-05-28,23.946913708304805,92.99577835085023,491.03656,13.795068,118.10382843017578,215.3574104309082,215.3574104309082,0,background_no_recorded_event,500,42,Copernicus DEM GLO-30,30,CHIRPS Daily,5566,EPSG:4326
BG_253,,2024-05-28,23.56153645141753,92.74218394614329,525.2191,17.470222,126.34567260742188,225.56153869628906,255.60668563842773,0,background_no_recorded_event,500,42,Copernicus DEM GLO-30,30,CHIRPS Daily,5566,EPSG:4326
BG_254,,2024-05-28,23.909453960957023,92.72709224937007,647.4332,33.59089,134.4709930419922,236.2372169494629,236.2372169494629,0,background_no_recorded_event,500,42,Copernicus DEM GLO-30,30,CHIRPS Daily,5566,EPSG:4326
BG_255,,2024-05-28,23.600074177106258,92.87477528207933,502.91544,27.387444,124.7547836303711,192.8963680267334,229.84925651550293,0,background_no_recorded_event,500,42,Copernicus DEM GLO-30,30,CHIRPS Daily,5566,EPSG:4326
BG_256,,2024-05-28,23.52704114450734,92.79958629279852,327.04053,25.701494,136.4126434326172,244.1869888305664,277.0615119934082,0,background_no_recorded_event,500,42,Copernicus DEM GLO-30,30,CHIRPS Daily,5566,EPSG:4326
BG_257,,2024-05-28,23.91214890680938,92.89525687055725,375.80695,38.362843,132.6033935546875,256.8159637451172,256.8159637451172,0,background_no_recorded_event,500,42,Copernicus DEM GLO-30,30,CHIRPS Daily,5566,EPSG:4326
BG_258,,2024-05-28,23.794918762231784,92.61794694234955,156.69476,4.953867,146.3689727783203,255.0957145690918,255.0957145690918,0,background_no_recorded_event,500,42,Copernicus DEM GLO-30,30,CHIRPS Daily,5566,EPSG:4326
BG_259,,2024-05-28,23.752069123179282,92.46595199627653,411.59335,28.047104,152.3175048828125,304.86753845214844,304.86753845214844,0,background_no_recorded_event,500,42,Copernicus DEM GLO-30,30,CHIRPS Daily,5566,EPSG:4326
BG_260,,2024-05-28,23.7679693037082,92.53359513717074,411.2878,39.613598,169.75555419921875,313.3686065673828,313.3686065673828,0,background_no_recorded_event,500,42,Copernicus DEM GLO-30,30,CHIRPS Daily,5566,EPSG:4326
BG_261,,2024-05-28,24.049052156109195,92.57159387368898,56.78622,13.048177,190.9457244873047,332.1803855895996,332.1803855895996,0,background_no_recorded_event,500,42,Copernicus DEM GLO-30,30,CHIRPS Daily,5566,EPSG:4326
BG_262,,2024-05-28,23.75233861776452,92.82869170800399,262.62653,25.307785,145.95169067382812,239.90277862548828,257.31964683532715,0,background_no_recorded_event,500,42,Copernicus DEM GLO-30,30,CHIRPS Daily,5566,EPSG:4326
BG_263,,2024-05-28,24.076271109218016,92.82976968634493,210.03815,13.988833,128.0061798095703,269.36503982543945,269.36503982543945,0,background_no_recorded_event,500,42,Copernicus DEM GLO-30,30,CHIRPS Daily,5566,EPSG:4326
BG_264,,2024-05-28,24.04878266152396,92.68585957782899,457.9016,33.951694,139.68443298339844,288.36982345581055,288.36982345581055,0,background_no_recorded_event,500,42,Copernicus DEM GLO-30,30,CHIRPS Daily,5566,EPSG:4326
BG_265,,2024-05-28,23.774437173753856,92.7828776285139,410.1212,40.242413,171.24420166015625,277.29468536376953,296.3358745574951,0,background_no_recorded_event,500,42,Copernicus DEM GLO-30,30,CHIRPS Daily,5566,EPSG:4326
BG_266,,2024-05-28,23.4515826606413,92.67831372944238,898.8341,18.378508,103.66326141357422,232.81374740600586,262.8345699310303,0,background_no_recorded_event,500,42,Copernicus DEM GLO-30,30,CHIRPS Daily,5566,EPSG:4326
BG_267,,2024-05-28,23.49335432135286,92.91654694279089,874.1047,17.193237,110.98725128173828,184.87119102478027,224.34815788269043,0,background_no_recorded_event,500,42,Copernicus DEM GLO-30,30,CHIRPS Daily,5566,EPSG:4326
BG_268,,2024-05-28,23.65855450210244,92.74514838658088,401.61304,36.25544,155.62832641601562,252.92779159545898,267.52588748931885,0,background_no_recorded_event,500,42,Copernicus DEM GLO-30,30,CHIRPS Daily,5566,EPSG:4326
BG_269,,2024-05-28,23.783869484237112,92.87747022793168,525.97186,33.65012,146.19754028320312,231.4242706298828,247.65005111694336,0,background_no_recorded_event,500,42,Copernicus DEM GLO-30,30,CHIRPS Daily,5566,EPSG:4326
BG_270,,2024-05-28,23.855824538495085,92.87450578749409,834.8013,28.406143,156.0974578857422,246.51656341552734,246.51656341552734,0,background_no_recorded_event,500,42,Copernicus DEM GLO-30,30,CHIRPS Daily,5566,EPSG:4326
BG_271,,2024-05-28,23.666639339659515,92.46083159915705,418.47748,35.85938,158.1863555908203,306.2813949584961,306.2813949584961,0,background_no_recorded_event,500,42,Copernicus DEM GLO-30,30,CHIRPS Daily,5566,EPSG:4326
BG_272,,2024-05-28,23.70733302203013,92.48239116597591,629.152,30.281796,158.54266357421875,296.9300537109375,296.9300537109375,0,background_no_recorded_event,500,42,Copernicus DEM GLO-30,30,CHIRPS Daily,5566,EPSG:4326
BG_273,,2024-05-28,23.883312986189143,92.92840470454126,1547.276,33.710056,133.07452392578125,257.0649871826172,257.0649871826172,0,background_no_recorded_event,500,42,Copernicus DEM GLO-30,30,CHIRPS Daily,5566,EPSG:4326
BG_274,,2024-05-28,23.527310639092576,92.83947149141342,1277.3009,37.24773,132.90013122558594,232.4102783203125,274.9632263183594,0,background_no_recorded_event,500,42,Copernicus DEM GLO-30,30,CHIRPS Daily,5566,EPSG:4326
BG_275,,2024-05-28,23.762309917418243,92.67885271861286,739.8679,30.593605,172.75070190429688,279.26146697998047,279.26146697998047,0,background_no_recorded_event,500,42,Copernicus DEM GLO-30,30,CHIRPS Daily,5566,EPSG:4326
BG_276,,2024-05-28,23.562614429758476,92.60312474016158,537.43933,37.3331,139.08123779296875,246.19755172729492,273.67797660827637,0,background_no_recorded_event,500,42,Copernicus DEM GLO-30,30,CHIRPS Daily,5566,EPSG:4326
BG_277,,2024-05-28,23.660979953369562,92.97556625695753,1130.9008,25.171072,118.6979751586914,184.82564544677734,217.03961086273193,0,background_no_recorded_event,500,42,Copernicus DEM GLO-30,30,CHIRPS Daily,5566,EPSG:4326
BG_278,,2024-05-28,23.742097823525555,92.94026246629164,1073.3639,28.746832,132.13259887695312,197.69288635253906,230.22002410888672,0,background_no_recorded_event,500,42,Copernicus DEM GLO-30,30,CHIRPS Daily,5566,EPSG:4326
BG_279,,2024-05-28,23.801925621447914,92.75673665374602,794.59546,14.127694,146.6471405029297,276.82655334472656,276.82655334472656,0,background_no_recorded_event,500,42,Copernicus DEM GLO-30,30,CHIRPS Daily,5566,EPSG:4326
BG_280,,2024-05-28,23.64373229991447,92.78772853104815,250.18465,24.16723,128.6545867919922,223.65303421020508,263.5138053894043,0,background_no_recorded_event,500,42,Copernicus DEM GLO-30,30,CHIRPS Daily,5566,EPSG:4326
BG_281,,2024-05-28,23.59468428540154,92.92409279117749,764.0738,27.577673,130.8920135498047,206.7709083557129,235.54150390625,0,background_no_recorded_event,500,42,Copernicus DEM GLO-30,30,CHIRPS Daily,5566,EPSG:4326
BG_282,,2024-05-28,23.548870205911445,92.98068665407702,932.2563,18.593784,113.06712341308594,171.49260902404785,210.67349815368652,0,background_no_recorded_event,500,42,Copernicus DEM GLO-30,30,CHIRPS Daily,5566,EPSG:4326
BG_283,,2024-05-28,23.531353057871115,92.81710344083885,669.524,24.231228,132.90013122558594,232.4102783203125,274.9632263183594,0,background_no_recorded_event,500,42,Copernicus DEM GLO-30,30,CHIRPS Daily,5566,EPSG:4326
BG_284,,2024-05-28,23.835612444602397,92.96074405476956,1119.6597,23.83167,149.9873046875,223.8224983215332,241.9916820526123,0,background_no_recorded_event,500,42,Copernicus DEM GLO-30,30,CHIRPS Daily,5566,EPSG:4326
BG_285,,2024-05-28,23.65532056707961,92.54491390975063,677.30426,33.159874,157.4532012939453,309.8921813964844,309.8921813964844,0,background_no_recorded_event,500,42,Copernicus DEM GLO-30,30,CHIRPS Daily,5566,EPSG:4326
BG_286,,2024-05-28,23.74182832894032,92.61956390986097,552.7836,11.560238,153.38121032714844,273.8194465637207,292.0539264678955,0,background_no_recorded_event,500,42,Copernicus DEM GLO-30,30,CHIRPS Daily,5566,EPSG:4326
BG_287,,2024-05-28,23.984642950237827,92.71846842264253,773.36304,20.907465,146.3939666748047,265.12388610839844,265.12388610839844,0,background_no_recorded_event,500,42,Copernicus DEM GLO-30,30,CHIRPS Daily,5566,EPSG:4326
BG_288,,2024-05-28,23.97790558560693,92.92220632908084,1000.4155,39.759438,114.96668243408203,220.0229263305664,220.0229263305664,0,background_no_recorded_event,500,42,Copernicus DEM GLO-30,30,CHIRPS Daily,5566,EPSG:4326
BG_289,,2024-05-28,24.019946740903723,92.54545289892111,103.41107,17.551266,221.72633361816406,345.5620880126953,345.5620880126953,0,background_no_recorded_event,500,42,Copernicus DEM GLO-30,30,CHIRPS Daily,5566,EPSG:4326
BG_290,,2024-05-28,23.81540035070971,92.61067058854819,539.49817,32.195694,162.8187713623047,271.525089263916,271.525089263916,0,background_no_recorded_event,500,42,Copernicus DEM GLO-30,30,CHIRPS Daily,5566,EPSG:4326
BG_291,,2024-05-28,23.54267183045102,92.85671914486852,844.357,23.188385,140.8377227783203,230.71803665161133,267.78420639038086,0,background_no_recorded_event,500,42,Copernicus DEM GLO-30,30,CHIRPS Daily,5566,EPSG:4326
BG_292,,2024-05-28,23.928588076508767,92.73652455985334,683.4823,36.453865,134.4709930419922,236.2372169494629,236.2372169494629,0,background_no_recorded_event,500,42,Copernicus DEM GLO-30,30,CHIRPS Daily,5566,EPSG:4326
BG_293,,2024-05-28,23.608698003833805,92.59827383762733,979.9719,27.252058,133.11534118652344,254.1083221435547,290.3985290527344,0,background_no_recorded_event,500,42,Copernicus DEM GLO-30,30,CHIRPS Daily,5566,EPSG:4326
BG_294,,2024-05-28,24.086781398042216,92.7160429713754,269.21838,39.593834,146.2703399658203,288.20024490356445,288.20024490356445,0,background_no_recorded_event,500,42,Copernicus DEM GLO-30,30,CHIRPS Daily,5566,EPSG:4326
BG_295,,2024-05-28,23.4515826606413,92.85644965028328,952.3036,19.458706,121.28703308105469,213.33353805541992,240.04443359375,0,background_no_recorded_event,500,42,Copernicus DEM GLO-30,30,CHIRPS Daily,5566,EPSG:4326
BG_296,,2024-05-28,24.04878266152396,92.57267185202993,90.74148,3.5001879,190.9457244873047,332.1803855895996,332.1803855895996,0,background_no_recorded_event,500,42,Copernicus DEM GLO-30,30,CHIRPS Daily,5566,EPSG:4326
BG_297,,2024-05-28,24.08758988179792,92.51284405410757,580.5531,31.52921,181.97244262695312,343.11642837524414,343.11642837524414,0,background_no_recorded_event,500,42,Copernicus DEM GLO-30,30,CHIRPS Daily,5566,EPSG:4326
BG_298,,2024-05-28,23.854746560154144,92.65378972218592,252.32208,27.50391,138.96986389160156,255.11741638183594,255.11741638183594,0,background_no_recorded_event,500,42,Copernicus DEM GLO-30,30,CHIRPS Daily,5566,EPSG:4326
BG_299,,2024-05-28,24.084355946775094,92.9941613833388,149.13927,25.74519,90.40760803222656,224.76395797729492,224.76395797729492,0,background_no_recorded_event,500,42,Copernicus DEM GLO-30,30,CHIRPS Daily,5566,EPSG:4326
