sample_id,latitude,longitude,label,split,spatial_group
GSI-6CDC6C820018,23.71433988124626,92.7114615634264,1,train,Central_West_Aizawl_Block
GSI-3893C9C47E0B,23.70679403285966,92.714426003864,1,train,Central_West_Aizawl_Block
GSI-F16EDE85F146,23.46802183034069,92.71631246596064,1,val,South_Aizawl_Block
GSI-8CA368AE4FCE,23.54159385211008,92.70202925294312,1,val,South_Aizawl_Block
GSI-45467D8A0A00,23.529466595774466,92.7295177006372,1,val,South_Aizawl_Block
GSI-B0B086D2F21C,23.738863888502724,92.6963698666532,1,train,Central_West_Aizawl_Block
GSI-DF59AE38E0BB,23.740750350599377,92.6934054262156,1,train,Central_West_Aizawl_Block
GSI-50DB02C46C23,23.738594393917488,92.6942139099713,1,train,Central_West_Aizawl_Block
GSI-C363AD36D42F,23.74479276937792,92.69286643704513,1,train,Central_West_Aizawl_Block
GSI-69E284AA9B25,23.74128933976985,92.69448340455654,1,train,Central_West_Aizawl_Block
GSI-FAFDADCD5B41,23.737516415576547,92.69448340455654,1,train,Central_West_Aizawl_Block
GSI-673E0E40285F,23.73293500762753,92.69933430709078,1,train,Central_West_Aizawl_Block
GSI-E26678D1122F,23.74964367191216,92.69825632874984,1,train,Central_West_Aizawl_Block
GSI-B43A083BB04A,23.73104854553089,92.70229874752836,1,train,Central_West_Aizawl_Block
GSI-1CCF831003C3,23.73104854553089,92.70391571503978,1,train,Central_West_Aizawl_Block
GSI-9184F0C3FFDF,23.73320450221277,92.70526318796595,1,train,Central_West_Aizawl_Block
GSI-817F267FD426,23.73589944806513,92.69771733957936,1,train,Central_West_Aizawl_Block
GSI-4B8019CF5E8C,23.73131804011612,92.70822762840356,1,train,Central_West_Aizawl_Block
GSI-BD427A4EBD27,23.72431118089999,92.70741914464786,1,train,Central_West_Aizawl_Block
GSI-E85886CA1F19,23.72269421338857,92.70661066089215,1,train,Central_West_Aizawl_Block
GSI-0E0D4DA68E76,23.71568735417244,92.70930560674452,1,train,Central_West_Aizawl_Block
GSI-941735FB04D2,23.71730432168385,92.7076886392331,1,train,Central_West_Aizawl_Block
GSI-A39BA6331578,23.712992408320083,92.70903611215928,1,train,Central_West_Aizawl_Block
GSI-26112817FB39,23.71514836500197,92.7152344876197,1,train,Central_West_Aizawl_Block
GSI-C4DAD3982A39,23.71649583792815,92.72116336849489,1,train,Central_West_Aizawl_Block
GSI-A394678034F0,23.71433988124626,92.72870921688148,1,train,Central_West_Aizawl_Block
GSI-77C496930F68,23.71568735417244,92.7265532601996,1,train,Central_West_Aizawl_Block
GSI-6B224ED08FCF,23.710297462467725,92.72251084142108,1,train,Central_West_Aizawl_Block
GSI-A63B2D2541D3,23.71002796788249,92.7160429713754,1,train,Central_West_Aizawl_Block
GSI-D39B25C0DBFD,23.70517706534824,92.7114615634264,1,train,Central_West_Aizawl_Block
GSI-89505F7283FA,23.700326162814,92.7160429713754,1,train,Central_West_Aizawl_Block
GSI-92AFF2064DDE,23.699787173643525,92.7168514551311,1,train,Central_West_Aizawl_Block
GSI-87CD128A1015,23.680383563506545,92.72466679810296,1,train,Central_West_Aizawl_Block
GSI-0D1AFDDFC231,23.67795811223942,92.72008539015394,1,train,Central_West_Aizawl_Block
GSI-7BEAA54047E7,23.646427245766827,92.72520578727342,1,train,Central_West_Aizawl_Block
GSI-18796AAA831D,23.631066054408382,92.72385831434724,1,train,Central_West_Aizawl_Block
GSI-0FDDE43D0627,23.628371108556024,92.72331932517676,1,train,Central_West_Aizawl_Block
GSI-DCEFAD2C19F8,23.62271172226607,92.72439730351772,1,train,Central_West_Aizawl_Block
GSI-CAC0D54AB3F6,23.621903238510363,92.72304983059152,1,train,Central_West_Aizawl_Block
GSI-351BA989622D,23.62082526016942,92.72251084142108,1,train,Central_West_Aizawl_Block
GSI-6DD32557C183,23.619208292658005,92.72251084142108,1,train,Central_West_Aizawl_Block
GSI-0BAECF136B55,23.61974728182848,92.72520578727342,1,train,Central_West_Aizawl_Block
GSI-D9FA12BC54B3,23.62028627099895,92.72547528185866,1,train,Central_West_Aizawl_Block
GSI-A7EC40B27E14,23.62028627099895,92.72601427102911,1,train,Central_West_Aizawl_Block
GSI-13641064FB74,23.62109475475465,92.72439730351772,1,train,Central_West_Aizawl_Block
GSI-C0BF00B26A5A,23.67580215555753,92.71496499303446,1,train,Central_West_Aizawl_Block
GSI-2B73869CA8A6,23.67445468263136,92.71469549844925,1,train,Central_West_Aizawl_Block
GSI-EDA0D1945547,23.673915693460884,92.71469549844925,1,train,Central_West_Aizawl_Block
GSI-A155AA281641,23.67202923136423,92.70984459591496,1,train,Central_West_Aizawl_Block
GSI-73E4CB44402F,23.68442598228508,92.71550398220494,1,train,Central_West_Aizawl_Block
GSI-08320A29519A,23.706255043689183,92.72062437932442,1,train,Central_West_Aizawl_Block
GSI-CAC2B937E08C,23.69008536857504,92.723588819762,1,train,Central_West_Aizawl_Block
GSI-7645385A1AD7,23.683617498529376,92.7227803360063,1,train,Central_West_Aizawl_Block
GSI-82BF38393B86,23.67149024219376,92.723588819762,1,train,Central_West_Aizawl_Block
GSI-3B2E36CAECA0,23.666639339659515,92.72385831434724,1,train,Central_West_Aizawl_Block
GSI-9EADCE6400C7,23.63510847318692,92.723588819762,1,train,Central_West_Aizawl_Block
GSI-843D49D0F5C9,23.4327180396748,92.7610485671098,1,val,South_Aizawl_Block
GSI-FB0A66FE611A,23.467752335755453,92.74110596780234,1,val,South_Aizawl_Block
GSI-0751DB697037,23.49712724554616,92.70337672586932,1,val,South_Aizawl_Block
GSI-981B4E23F369,23.51356641524555,92.69825632874984,1,val,South_Aizawl_Block
GSI-D0243A00AED3,23.53674294957583,92.69744784499412,1,val,South_Aizawl_Block
GSI-2F0F2D5C5F4C,23.530814068700643,92.73059567897816,1,val,South_Aizawl_Block
GSI-C246BD6781D1,23.53108356328588,92.73356011941574,1,val,South_Aizawl_Block
GSI-360573093303,23.530814068700643,92.7332906248305,1,val,South_Aizawl_Block
GSI-A7D6E021B8EC,23.563961902684653,92.70795813381832,1,train,Central_West_Aizawl_Block
GSI-A5FCE1D34E2C,23.56423139726989,92.70795813381832,1,train,Central_West_Aizawl_Block
GSI-0911A74BD322,23.5650398810256,92.7076886392331,1,train,Central_West_Aizawl_Block
GSI-EB24784E0F22,23.56665684853701,92.70876661757404,1,train,Central_West_Aizawl_Block
GSI-0593E79EF67E,23.77308970082768,92.74353141906946,1,train,Central_West_Aizawl_Block
GSI-D1AC23A4BBB4,23.774706668339093,92.7618570508655,1,train,Central_West_Aizawl_Block
GSI-E6D981EACB91,23.77362868999815,92.7610485671098,1,train,Central_West_Aizawl_Block
GSI-AA48006189E1,23.748565693571216,92.7386805165352,1,train,Central_West_Aizawl_Block
GSI-8B62B5AF5417,23.610045476759986,92.72089387390965,1,train,Central_West_Aizawl_Block
GSI-A085D845B448,23.592528328719656,92.71658196054588,1,train,Central_West_Aizawl_Block
GSI-E8693A77BF5E,23.58713843701494,92.71361752010829,1,train,Central_West_Aizawl_Block
GSI-AACF9D6F49A7,23.57689764277597,92.7130785309378,1,train,Central_West_Aizawl_Block
GSI-42E2B7574326,23.581479050724983,92.71415650927877,1,train,Central_West_Aizawl_Block
GSI-BE624FD1B92B,23.586868942429703,92.7173904443016,1,train,Central_West_Aizawl_Block
GSI-1152E36B33D3,23.58579096408876,92.71631246596064,1,train,Central_West_Aizawl_Block
GSI-52D299CBD5AB,23.58632995325923,92.71577347679016,1,train,Central_West_Aizawl_Block
GSI-109ABEB99616,23.65397309415343,92.72439730351772,1,train,Central_West_Aizawl_Block
GSI-A3E794F48053,23.654242588738665,92.71765993888684,1,train,Central_West_Aizawl_Block
GSI-1EA9B35891D7,23.654242588738665,92.68990199660752,1,train,Central_West_Aizawl_Block
GSI-60E3BEF0ACCF,23.66071045878433,92.67265434315244,1,train,Central_West_Aizawl_Block
GSI-702030ECD500,23.65855450210244,92.70580217713643,1,train,Central_West_Aizawl_Block
GSI-B33E9DDFF406,23.681461541847487,92.72143286308012,1,train,Central_West_Aizawl_Block
GSI-E05CBED67B18,23.727006126752347,92.79527437943474,1,train,Central_West_Aizawl_Block
GSI-3A214A5EE0CB,23.7326655130423,92.7971608415314,1,test,NorthEast_Aizawl_Block
GSI-EA1735D29DAA,23.73428248055372,92.79850831445758,1,test,NorthEast_Aizawl_Block
GSI-16BD3BF8EE34,23.74560125313362,92.79446589567904,1,train,Central_West_Aizawl_Block
GSI-D6B25360590A,23.735629953479894,92.80039477655424,1,test,NorthEast_Aizawl_Block
GSI-9ABD5408A980,23.73293500762753,92.84782582355574,1,test,NorthEast_Aizawl_Block
GSI-A8F043848B6A,23.760962444492066,92.8475563289705,1,test,NorthEast_Aizawl_Block
GSI-152C4EA2FCFE,23.869838256927352,92.8761227550055,1,test,NorthEast_Aizawl_Block
GSI-FE2FCBF44457,23.740211361428905,92.69717835040888,1,train,Central_West_Aizawl_Block
GSI-F7509731AA59,23.733743491383244,92.69394441538608,1,train,Central_West_Aizawl_Block
GSI-B7D53F3039FA,23.73482146972419,92.695022393727,1,train,Central_West_Aizawl_Block
GSI-FB2EB766388B,23.71757381626909,92.70661066089215,1,train,Central_West_Aizawl_Block
GSI-64E8A767925A,23.71730432168385,92.70634116630691,1,train,Central_West_Aizawl_Block
GSI-30538BE5B81D,23.711375440808663,92.72439730351772,1,train,Central_West_Aizawl_Block
GSI-A879211932C4,23.7040990870073,92.7122700471821,1,train,Central_West_Aizawl_Block
GSI-BA6E29113D25,23.643462805329232,92.73436860317145,1,train,Central_West_Aizawl_Block
GSI-2F5F6FCA7898,23.7040990870073,92.72008539015394,1,train,Central_West_Aizawl_Block
GSI-06654A8BFF1C,23.4726032382897,92.714426003864,1,val,South_Aizawl_Block
GSI-FED823C5A258,23.54267183045102,92.70337672586932,1,val,South_Aizawl_Block
GSI-CFA3A2B7892A,23.58040107238404,92.71496499303446,1,train,Central_West_Aizawl_Block
GSI-20E7BD05FF6A,23.655051072494373,92.714426003864,1,train,Central_West_Aizawl_Block
GSI-53B686AAB12B,23.66044096419909,92.67265434315244,1,train,Central_West_Aizawl_Block
GSI-A72CE0AF13F8,23.65774601834673,92.67454080524908,1,train,Central_West_Aizawl_Block
GSI-0463557F6B73,23.735629953479894,92.7882675202186,1,train,Central_West_Aizawl_Block
GSI-3FA39FF23412,23.7364384372356,92.7979693252871,1,test,NorthEast_Aizawl_Block
GSI-AAA3E3E30984,23.73589944806513,92.79877780904282,1,test,NorthEast_Aizawl_Block
GSI-09E4D26278A8,23.7364384372356,92.800125281969,1,test,NorthEast_Aizawl_Block
GSI-086F873B9333,23.71972977295098,92.79769983070187,1,train,Central_West_Aizawl_Block
GSI-4E27CCDB586E,23.722155224218103,92.80147275489516,1,train,Central_West_Aizawl_Block
GSI-EF0E8F4F374B,23.807585007737867,92.83408159970872,1,test,NorthEast_Aizawl_Block
GSI-49D2176E7E38,23.7394028776732,92.71469549844925,1,train,Central_West_Aizawl_Block
BG_203,23.89247580208716,92.55704116608624,0,train,Central_West_Aizawl_Block
BG_266,23.4515826606413,92.67831372944238,0,val,South_Aizawl_Block
BG_152,23.90271659632613,92.61579098566769,0,train,Central_West_Aizawl_Block
BG_9,23.97655811268075,92.75646715916078,0,train,Central_West_Aizawl_Block
BG_233,23.862292408540743,92.46622149086176,0,train,Central_West_Aizawl_Block
BG_226,23.98949385277207,92.92651824244462,0,test,NorthEast_Aizawl_Block
BG_196,23.511410458563663,92.49397943314106,0,val,South_Aizawl_Block
BG_109,24.075732120047544,92.87908719544308,0,test,NorthEast_Aizawl_Block
BG_5,24.055520026154856,92.72224134683584,0,train,Central_West_Aizawl_Block
BG_175,24.013478870858066,92.8392019968282,0,test,NorthEast_Aizawl_Block
BG_237,23.590102877452534,92.45921463164564,0,train,Central_West_Aizawl_Block
BG_57,23.721885729632863,92.490476003533,0,train,Central_West_Aizawl_Block
BG_218,23.590102877452534,92.97772221363942,0,train,Central_West_Aizawl_Block
BG_45,23.692241325256923,92.50799315157332,0,train,Central_West_Aizawl_Block
BG_182,23.694127787353573,92.57967871124606,0,train,Central_West_Aizawl_Block
BG_221,23.528927606604,92.7648214913031,0,val,South_Aizawl_Block
BG_289,24.019946740903723,92.54545289892113,0,train,Central_West_Aizawl_Block
BG_211,23.590641866623,92.89094495719348,0,train,Central_West_Aizawl_Block
BG_148,23.91565233641745,92.57940921666082,0,train,Central_West_Aizawl_Block
BG_165,24.00916695749429,92.5139220324485,0,train,Central_West_Aizawl_Block
BG_78,23.90648952051943,92.90900109440427,0,test,NorthEast_Aizawl_Block
BG_113,23.62729313021508,92.87450578749409,0,train,Central_West_Aizawl_Block
BG_249,23.797613708084143,92.99847329670258,0,test,NorthEast_Aizawl_Block
BG_250,23.510601974807955,92.8144084949865,0,val,South_Aizawl_Block
BG_104,24.02291118134132,92.93648954209831,0,test,NorthEast_Aizawl_Block
BG_42,23.55776352722423,92.46244856666848,0,train,Central_West_Aizawl_Block
BG_281,23.59468428540154,92.92409279117749,0,train,Central_West_Aizawl_Block
BG_295,23.4515826606413,92.85644965028328,0,val,South_Aizawl_Block
BG_157,23.780096560043813,92.65352022760068,0,train,Central_West_Aizawl_Block
BG_238,23.58740793160017,92.53278665341502,0,train,Central_West_Aizawl_Block
BG_17,24.08327796843415,92.88097365753976,0,test,NorthEast_Aizawl_Block
BG_164,23.948261181230983,92.89741282723914,0,test,NorthEast_Aizawl_Block
BG_33,23.628371108556024,92.7702113830078,0,train,Central_West_Aizawl_Block
BG_24,23.89247580208716,92.84054946975436,0,test,NorthEast_Aizawl_Block
BG_215,23.5184173177798,92.6963698666532,0,val,South_Aizawl_Block
BG_119,23.49712724554616,92.8753142712498,0,val,South_Aizawl_Block
BG_7,23.556955043468523,92.91492997527946,0,train,Central_West_Aizawl_Block
BG_90,23.946105224549097,92.52928322380696,0,train,Central_West_Aizawl_Block
BG_46,23.84234980923329,92.98499856744078,0,test,NorthEast_Aizawl_Block
BG_73,23.55506858137187,92.62684026366232,0,train,Central_West_Aizawl_Block
BG_93,23.518956306950265,92.75781463208696,0,val,South_Aizawl_Block
BG_76,23.78629493550424,92.92005037239896,0,test,NorthEast_Aizawl_Block
BG_286,23.74182832894032,92.61956390986096,0,train,Central_West_Aizawl_Block
BG_60,24.044470748160187,92.85294622067522,0,test,NorthEast_Aizawl_Block
BG_77,24.06899475541665,92.46379603959464,0,train,Central_West_Aizawl_Block
BG_63,24.08920684930934,92.84863430731144,0,test,NorthEast_Aizawl_Block
BG_234,23.491737353841444,92.76347401837693,0,val,South_Aizawl_Block
BG_229,23.543210819621493,92.61255705064484,0,val,South_Aizawl_Block
BG_111,23.59225883413442,92.57967871124606,0,train,Central_West_Aizawl_Block
BG_231,23.888433383308627,92.80039477655424,0,test,NorthEast_Aizawl_Block
BG_180,23.482574537943425,92.68612907241422,0,val,South_Aizawl_Block
BG_144,23.790337354282773,92.83192564302682,0,test,NorthEast_Aizawl_Block
BG_239,24.021563708415137,92.7912319606562,0,train,Central_West_Aizawl_Block
BG_75,23.58013157779881,92.99227492124216,0,train,Central_West_Aizawl_Block
BG_297,24.08758988179792,92.51284405410756,0,train,Central_West_Aizawl_Block
BG_278,23.742097823525555,92.94026246629164,0,test,NorthEast_Aizawl_Block
BG_97,23.940984827429617,92.85671914486852,0,test,NorthEast_Aizawl_Block
BG_92,23.500091685983755,92.60042979430922,0,val,South_Aizawl_Block
BG_192,23.58552146950352,92.55030380145536,0,train,Central_West_Aizawl_Block
BG_25,23.749104682741688,92.90954008357475,0,test,NorthEast_Aizawl_Block
BG_232,24.008358473738586,92.72574477644388,0,train,Central_West_Aizawl_Block
BG_59,23.69520576569452,92.9227453182513,0,train,Central_West_Aizawl_Block
BG_6,23.651547642886307,92.7799131880763,0,train,Central_West_Aizawl_Block
BG_185,23.940445838259144,92.87369730373838,0,test,NorthEast_Aizawl_Block
BG_173,23.75665053112829,92.9173554265466,0,test,NorthEast_Aizawl_Block
BG_30,23.81513085612448,92.59396192426355,0,train,Central_West_Aizawl_Block
BG_22,23.476915151653472,92.64893881965168,0,val,South_Aizawl_Block
BG_256,23.52704114450734,92.79958629279852,0,val,South_Aizawl_Block
BG_56,24.00862796832381,92.97718322446894,0,test,NorthEast_Aizawl_Block
BG_186,23.9746716505841,92.51041860284045,0,train,Central_West_Aizawl_Block
BG_108,23.864987354393104,92.552190263552,0,train,Central_West_Aizawl_Block
BG_126,23.74048085601414,92.771558855934,0,train,Central_West_Aizawl_Block
BG_230,23.70517706534824,92.88420759256256,0,train,Central_West_Aizawl_Block
BG_193,23.948261181230983,92.46164008291277,0,train,Central_West_Aizawl_Block
BG_129,23.821329231584897,92.6874765453404,0,train,Central_West_Aizawl_Block
BG_282,23.548870205911445,92.98068665407702,0,val,South_Aizawl_Block
BG_82,23.532700530797296,92.62522329615092,0,val,South_Aizawl_Block
BG_84,23.916999809343626,92.94699983092254,0,test,NorthEast_Aizawl_Block
BG_66,23.582557029065928,92.99658683460594,0,train,Central_West_Aizawl_Block
BG_288,23.97790558560693,92.92220632908084,0,test,NorthEast_Aizawl_Block
BG_163,23.84046334713664,92.67669676193096,0,train,Central_West_Aizawl_Block
BG_154,23.91753879851409,92.8971433326539,0,test,NorthEast_Aizawl_Block
BG_19,23.8746891594616,92.5912669784112,0,train,Central_West_Aizawl_Block
BG_124,24.024797643437967,92.52173737542036,0,train,Central_West_Aizawl_Block
BG_79,24.011322914176176,92.5349426100969,0,train,Central_West_Aizawl_Block
BG_114,24.09675269769594,92.70903611215928,0,train,Central_West_Aizawl_Block
BG_118,23.750452155667865,92.6408539820946,0,train,Central_West_Aizawl_Block
BG_72,23.56665684853701,92.73517708692717,0,train,Central_West_Aizawl_Block
BG_15,23.962005405078013,92.53009170756266,0,train,Central_West_Aizawl_Block
BG_10,23.704638076177773,92.95158123887154,0,train,Central_West_Aizawl_Block
BG_194,23.886277426626737,92.894987375972,0,test,NorthEast_Aizawl_Block
BG_101,24.050938618205848,92.83596806180536,0,test,NorthEast_Aizawl_Block
BG_68,24.061448907030044,92.9677509139857,0,test,NorthEast_Aizawl_Block
BG_224,23.86956876234212,92.78853701480384,0,train,Central_West_Aizawl_Block
BG_37,23.82429367202249,92.72493629268818,0,train,Central_West_Aizawl_Block
BG_16,24.01806027880708,92.74730434326275,0,train,Central_West_Aizawl_Block
BG_179,23.994344755306315,92.61875542610528,0,train,Central_West_Aizawl_Block
BG_147,23.560727967661823,92.5093406244995,0,train,Central_West_Aizawl_Block
BG_274,23.527310639092576,92.83947149141342,0,val,South_Aizawl_Block
BG_67,23.57689764277597,92.51796445122704,0,train,Central_West_Aizawl_Block
BG_228,24.06710829332,92.50017780860148,0,train,Central_West_Aizawl_Block
BG_69,23.72997056718994,92.66456950559537,0,train,Central_West_Aizawl_Block
BG_31,23.94206280577056,92.90954008357475,0,test,NorthEast_Aizawl_Block
BG_183,23.64211533240305,92.7173904443016,0,train,Central_West_Aizawl_Block
BG_265,23.774437173753856,92.7828776285139,0,train,Central_West_Aizawl_Block
BG_225,23.81674782363589,92.48212167139069,0,train,Central_West_Aizawl_Block
BG_140,24.076271109218016,92.48885903602158,0,train,Central_West_Aizawl_Block
BG_18,23.77605414126528,92.71173105801164,0,train,Central_West_Aizawl_Block
BG_181,23.47395071121588,92.75296372955272,0,val,South_Aizawl_Block
BG_96,23.594953779986778,92.87100235788604,0,train,Central_West_Aizawl_Block
BG_132,23.48068807584677,92.68559008324377,0,val,South_Aizawl_Block
BG_262,23.75233861776452,92.828691708004,0,test,NorthEast_Aizawl_Block
BG_86,23.49470179427904,92.74218394614329,0,val,South_Aizawl_Block
BG_248,23.80839349149357,92.93002167205267,0,test,NorthEast_Aizawl_Block
BG_245,23.53943789542819,92.85968358530612,0,val,South_Aizawl_Block
BG_116,23.673646198875648,92.99901228587304,0,train,Central_West_Aizawl_Block
BG_146,23.992458293209665,92.48481661724304,0,train,Central_West_Aizawl_Block
BG_292,23.928588076508767,92.73652455985334,0,train,Central_West_Aizawl_Block
BG_197,23.905411542178484,92.52685777253984,0,train,Central_West_Aizawl_Block
BG_206,23.940984827429617,92.63573358497511,0,train,Central_West_Aizawl_Block
BG_55,23.75907598239541,92.8400104805839,0,test,NorthEast_Aizawl_Block
BG_172,23.69116334691597,92.93648954209831,0,train,Central_West_Aizawl_Block
BG_184,23.61813031431706,92.74865181618894,0,train,Central_West_Aizawl_Block
BG_167,23.900291145059004,92.96963737608236,0,test,NorthEast_Aizawl_Block
BG_139,23.80354258895933,92.776140263883,0,train,Central_West_Aizawl_Block
BG_253,23.56153645141753,92.74218394614329,0,train,Central_West_Aizawl_Block
BG_38,23.77713211960621,92.77937419890584,0,train,Central_West_Aizawl_Block
BG_125,24.03961984562594,92.99470037250929,0,test,NorthEast_Aizawl_Block
BG_195,23.74452327479268,92.56485650905807,0,train,Central_West_Aizawl_Block
BG_283,23.531353057871115,92.81710344083884,0,val,South_Aizawl_Block
BG_137,23.98437345565259,92.65082528174833,0,train,Central_West_Aizawl_Block
BG_112,23.474759194971583,92.69690885582366,0,val,South_Aizawl_Block
BG_168,23.984912444823063,92.93325560707552,0,test,NorthEast_Aizawl_Block
BG_117,23.47880161375012,92.45571120203756,0,val,South_Aizawl_Block
BG_277,23.66097995336956,92.97556625695752,0,train,Central_West_Aizawl_Block
BG_271,23.666639339659515,92.46083159915705,0,train,Central_West_Aizawl_Block
BG_155,23.91565233641745,92.51661697830087,0,train,Central_West_Aizawl_Block
BG_176,23.50575107227371,92.8782787116874,0,val,South_Aizawl_Block
BG_178,23.615435368464706,92.46379603959464,0,train,Central_West_Aizawl_Block
BG_2,23.921042228122165,92.58506860295078,0,train,Central_West_Aizawl_Block
BG_115,23.77228121707197,92.57833123831988,0,train,Central_West_Aizawl_Block
BG_143,24.06495233663811,92.61498250191195,0,train,Central_West_Aizawl_Block
BG_177,23.95392056752094,92.67373232149338,0,train,Central_West_Aizawl_Block
BG_120,23.590641866623,92.86049206906182,0,train,Central_West_Aizawl_Block
BG_210,23.47368121663064,92.77802672597966,0,val,South_Aizawl_Block
BG_260,23.7679693037082,92.53359513717074,0,train,Central_West_Aizawl_Block
BG_127,23.49335432135286,92.8895974842673,0,val,South_Aizawl_Block
BG_74,23.53889890625772,92.77964369349108,0,val,South_Aizawl_Block
BG_29,23.97143771556127,92.90253322435862,0,test,NorthEast_Aizawl_Block
BG_83,23.729162083434232,92.58129567875748,0,train,Central_West_Aizawl_Block
BG_269,23.783869484237112,92.87747022793168,0,test,NorthEast_Aizawl_Block
BG_107,23.905142047593248,92.68855452368136,0,train,Central_West_Aizawl_Block
BG_223,24.05902345576292,92.88393809797736,0,test,NorthEast_Aizawl_Block
BG_158,23.859597462688388,92.9038806972848,0,test,NorthEast_Aizawl_Block
BG_280,23.64373229991447,92.78772853104816,0,train,Central_West_Aizawl_Block
BG_246,23.576089159020267,92.78099116641724,0,train,Central_West_Aizawl_Block
BG_222,23.50629006144418,92.61471300732671,0,val,South_Aizawl_Block
BG_65,23.776862625020986,92.6077061481106,0,train,Central_West_Aizawl_Block
BG_198,23.843427787574235,92.67265434315244,0,train,Central_West_Aizawl_Block
BG_85,23.80623753481169,92.6114790723039,0,train,Central_West_Aizawl_Block
BG_213,23.99677020657344,92.6109400831334,0,train,Central_West_Aizawl_Block
BG_159,23.617321830561355,92.5971958592864,0,train,Central_West_Aizawl_Block
BG_12,24.05201659654679,92.60231625640589,0,train,Central_West_Aizawl_Block
BG_35,23.97817508019217,92.50826264615856,0,train,Central_West_Aizawl_Block
BG_28,23.566117859366543,92.8920229355344,0,train,Central_West_Aizawl_Block
BG_142,23.56935179438937,92.58399062460984,0,train,Central_West_Aizawl_Block
BG_284,23.8356124446024,92.96074405476956,0,test,NorthEast_Aizawl_Block
BG_254,23.909453960957023,92.72709224937007,0,train,Central_West_Aizawl_Block
BG_170,23.67526316638706,92.62522329615092,0,train,Central_West_Aizawl_Block
BG_51,23.53943789542819,92.78853701480384,0,val,South_Aizawl_Block
BG_95,23.57581966443503,92.59665687011592,0,train,Central_West_Aizawl_Block
BG_208,23.61220143344187,92.77398430720112,0,train,Central_West_Aizawl_Block
BG_247,23.762848906588715,92.46110109374229,0,train,Central_West_Aizawl_Block
BG_41,23.69628374403546,92.65271174384496,0,train,Central_West_Aizawl_Block
BG_89,23.541863346695315,92.84351391019196,0,val,South_Aizawl_Block
BG_244,23.46856081951116,92.98688502953743,0,val,South_Aizawl_Block
BG_136,24.083816957604625,92.67076788105578,0,train,Central_West_Aizawl_Block
BG_26,23.859597462688388,92.657293151794,0,train,Central_West_Aizawl_Block
BG_293,23.608698003833805,92.59827383762732,0,train,Central_West_Aizawl_Block
BG_141,23.70598554910395,92.485894595584,0,train,Central_West_Aizawl_Block
BG_200,23.746140242304094,92.52847474005124,0,train,Central_West_Aizawl_Block
BG_0,23.58525197491829,92.99281391041264,0,train,Central_West_Aizawl_Block
BG_268,23.65855450210244,92.74514838658088,0,train,Central_West_Aizawl_Block
BG_272,23.70733302203013,92.48239116597593,0,train,Central_West_Aizawl_Block
BG_100,24.069803239172355,92.8370460401463,0,test,NorthEast_Aizawl_Block
BG_259,23.75206912317928,92.46595199627652,0,train,Central_West_Aizawl_Block
BG_255,23.60007417710625,92.87477528207933,0,train,Central_West_Aizawl_Block
BG_171,23.628101613970788,92.73733304360904,0,train,Central_West_Aizawl_Block
BG_98,23.624328689777485,92.55569369316008,0,train,Central_West_Aizawl_Block
BG_36,23.89597923169523,92.4853556064135,0,train,Central_West_Aizawl_Block
BG_61,23.91107092846844,92.63735055248654,0,train,Central_West_Aizawl_Block
BG_150,23.91592183100268,92.61336553440054,0,train,Central_West_Aizawl_Block
BG_236,23.98545143399353,92.81575596791266,0,test,NorthEast_Aizawl_Block
BG_202,23.53108356328588,92.88043466836928,0,val,South_Aizawl_Block
BG_242,23.45104367147083,92.52712726712508,0,val,South_Aizawl_Block
BG_11,23.632144032749327,92.87288881998268,0,train,Central_West_Aizawl_Block
BG_296,24.04878266152396,92.57267185202991,0,train,Central_West_Aizawl_Block
BG_267,23.49335432135286,92.91654694279087,0,val,South_Aizawl_Block
BG_27,23.812974899442587,92.46298755583894,0,train,Central_West_Aizawl_Block
BG_219,23.99865666867009,92.55488520940436,0,train,Central_West_Aizawl_Block
BG_4,23.82429367202249,92.52685777253984,0,train,Central_West_Aizawl_Block
BG_122,23.995153239062024,92.87854820627264,0,test,NorthEast_Aizawl_Block
BG_32,23.91807778768457,92.98823250246362,0,test,NorthEast_Aizawl_Block
BG_204,23.76177092824777,92.88339910880688,0,test,NorthEast_Aizawl_Block
BG_162,23.60034367169149,92.68532058865851,0,train,Central_West_Aizawl_Block
BG_209,23.84908717386419,92.84432239394768,0,test,NorthEast_Aizawl_Block
BG_285,23.65532056707961,92.54491390975063,0,train,Central_West_Aizawl_Block
BG_138,23.55183464634904,92.82896120258924,0,train,Central_West_Aizawl_Block
BG_62,23.53162255245635,92.7685944154964,0,val,South_Aizawl_Block
BG_135,23.631066054408382,92.89444838680154,0,train,Central_West_Aizawl_Block
BG_128,23.537012444161068,92.76050957793932,0,val,South_Aizawl_Block
BG_290,23.81540035070971,92.6106705885482,0,train,Central_West_Aizawl_Block
BG_8,24.00754998998288,92.7227803360063,0,train,Central_West_Aizawl_Block
BG_70,23.901369123399945,92.96209152769576,0,test,NorthEast_Aizawl_Block
BG_264,24.04878266152396,92.685859577829,0,train,Central_West_Aizawl_Block
BG_64,24.00781948456811,92.66591697852154,0,train,Central_West_Aizawl_Block
BG_44,23.56935179438937,92.66699495686248,0,train,Central_West_Aizawl_Block
BG_279,23.801925621447914,92.75673665374602,0,train,Central_West_Aizawl_Block
BG_156,23.68065305809177,92.7340991085862,0,train,Central_West_Aizawl_Block
BG_40,23.712722913734847,92.67858322402762,0,train,Central_West_Aizawl_Block
BG_123,23.5650398810256,92.81791192459455,0,train,Central_West_Aizawl_Block
BG_275,23.762309917418243,92.67885271861286,0,train,Central_West_Aizawl_Block
BG_216,23.47961009750583,92.67292383773768,0,val,South_Aizawl_Block
BG_153,23.575550169849794,92.67373232149338,0,train,Central_West_Aizawl_Block
BG_23,23.869838256927352,92.64866932506644,0,train,Central_West_Aizawl_Block
BG_261,24.049052156109195,92.57159387368898,0,train,Central_West_Aizawl_Block
BG_110,24.08408645218985,92.79823881987234,0,test,NorthEast_Aizawl_Block
BG_81,23.512488436904604,92.86803791744843,0,val,South_Aizawl_Block
BG_207,23.908645477201315,92.9483473038487,0,test,NorthEast_Aizawl_Block
BG_212,23.6793055851656,92.96020506559908,0,train,Central_West_Aizawl_Block
BG_39,23.696014249450226,92.72790073312578,0,train,Central_West_Aizawl_Block
BG_240,24.049860639864903,92.84324441560672,0,test,NorthEast_Aizawl_Block
BG_291,23.54267183045102,92.85671914486852,0,val,South_Aizawl_Block
BG_258,23.794918762231784,92.61794694234956,0,train,Central_West_Aizawl_Block
